category	GOID	GOterm	nall	nrefs	SSY5_up_nset	SSY5_up_nhits	SSY5_up_fdr	SSY5_up_hits	SSY5_up_hits2	SSY5_dn_nset	SSY5_dn_nhits	SSY5_dn_fdr	SSY5_dn_hits	SSY5_dn_hits2	POP1_up_nset	POP1_up_nhits	POP1_up_fdr	POP1_up_hits	POP1_up_hits2	POP1_dn_nset	POP1_dn_nhits	POP1_dn_fdr	POP1_dn_hits	POP1_dn_hits2	SIT4_up_nset	SIT4_up_nhits	SIT4_up_fdr	SIT4_up_hits	SIT4_up_hits2	SIT4_dn_nset	SIT4_dn_nhits	SIT4_dn_fdr	SIT4_dn_hits	SIT4_dn_hits2
Process	GO:1901607	alpha-amino acid biosynthetic process	2819	106	128	29	9.71e-11	YBR115C,YCL018W,YCL030C,YCR005C,YDL171C,YDR158W,YER052C,YER081W,YFR030W,YGL184C,YHR018C,YIL074C,YIL116W,YIR034C,YJR010W,YJR109C,YJR137C,YKL001C,YKL211C,YKR069W,YLL062C,YLR142W,YLR438W,YMR062C,YOL058W,YOL064C,YOR375C,YPR035W,YPR167C	LYS2,LEU2,HIS4,CIT2,GLT1,HOM2,HOM3,SER3,MET10,STR3,ARG4,SER33,HIS5,LYS1,MET3,CPA2,MET5,MET14,TRP3,MET1,MHT1,PUT1,CAR2,ARG7,ARG1,MET22,GDH1,GLN1,MET16	NA	NA	NA	NA	NA	106	27	7.3e-12	YBR115C,YCL030C,YDL182W,YDR158W,YDR354W,YER052C,YER055C,YER069W,YER081W,YFR030W,YHR018C,YHR137W,YIL074C,YIL116W,YIR034C,YJL088W,YJL200C,YJR109C,YJR137C,YMR062C,YNL104C,YOL058W,YOL064C,YOL140W,YPL273W,YPR145W,YPR167C	LYS2,HIS4,LYS20,HOM2,TRP4,HOM3,HIS1,ARG5,6,SER3,MET10,ARG4,ARO9,SER33,HIS5,LYS1,ARG3,ACO2,CPA2,MET5,ARG7,LEU4,ARG1,MET22,ARG8,SAM4,ASN1,MET16	NA	NA	NA	NA	NA	NA	NA	NA	NA	NA	NA	NA	NA	NA	NA
Process	GO:1901605	alpha-amino acid metabolic process	2819	154	128	33	1.96e-10	YBR115C,YBR208C,YCL018W,YCL030C,YCR005C,YDL171C,YDR158W,YER052C,YER081W,YFR030W,YGL184C,YHR018C,YIL074C,YIL116W,YIR034C,YJL060W,YJR010W,YJR109C,YJR137C,YKL001C,YKL211C,YKR069W,YLL062C,YLR142W,YLR438W,YMR062C,YNL191W,YOL058W,YOL064C,YOR375C,YPL111W,YPR035W,YPR167C	LYS2,DUR1,2,LEU2,HIS4,CIT2,GLT1,HOM2,HOM3,SER3,MET10,STR3,ARG4,SER33,HIS5,LYS1,BNA3,MET3,CPA2,MET5,MET14,TRP3,MET1,MHT1,PUT1,CAR2,ARG7,DUG3,ARG1,MET22,GDH1,CAR1,GLN1,MET16	NA	NA	NA	NA	NA	106	33	5.21e-13	YAL044C,YBR115C,YCL030C,YDL182W,YDR019C,YDR158W,YDR354W,YER052C,YER055C,YER069W,YER081W,YFR030W,YHR018C,YHR137W,YIL074C,YIL116W,YIR034C,YJL088W,YJL200C,YJR025C,YJR109C,YJR137C,YMR043W,YMR062C,YMR095C,YNL104C,YNL191W,YOL058W,YOL064C,YOL140W,YPL273W,YPR145W,YPR167C	GCV3,LYS2,HIS4,LYS20,GCV1,HOM2,TRP4,HOM3,HIS1,ARG5,6,SER3,MET10,ARG4,ARO9,SER33,HIS5,LYS1,ARG3,ACO2,BNA1,CPA2,MET5,MCM1,ARG7,SNO1,LEU4,DUG3,ARG1,MET22,ARG8,SAM4,ASN1,MET16	NA	NA	NA	NA	NA	NA	NA	NA	NA	NA	NA	NA	NA	NA	NA
Process	GO:0046394	carboxylic acid biosynthetic process	2819	169	128	32	6.37e-9	YBR115C,YCL018W,YCL030C,YCR005C,YDL171C,YDR158W,YEL071W,YER052C,YER081W,YFR030W,YGL184C,YHR018C,YIL074C,YIL116W,YIR034C,YJL060W,YJR010W,YJR109C,YJR137C,YKL001C,YKL211C,YKR069W,YKR080W,YLL062C,YLR142W,YLR438W,YMR062C,YOL058W,YOL064C,YOR375C,YPR035W,YPR167C	LYS2,LEU2,HIS4,CIT2,GLT1,HOM2,DLD3,HOM3,SER3,MET10,STR3,ARG4,SER33,HIS5,LYS1,BNA3,MET3,CPA2,MET5,MET14,TRP3,MET1,MTD1,MHT1,PUT1,CAR2,ARG7,ARG1,MET22,GDH1,GLN1,MET16	NA	NA	NA	NA	NA	106	31	8.6e-11	YBR115C,YBR249C,YCL030C,YDL182W,YDR035W,YDR158W,YDR354W,YER052C,YER055C,YER069W,YER081W,YFR030W,YHR018C,YHR137W,YIL074C,YIL116W,YIR034C,YJL052W,YJL088W,YJL200C,YJR109C,YJR137C,YMR062C,YMR169C,YNL104C,YOL058W,YOL064C,YOL140W,YPL273W,YPR145W,YPR167C	LYS2,ARO4,HIS4,LYS20,ARO3,HOM2,TRP4,HOM3,HIS1,ARG5,6,SER3,MET10,ARG4,ARO9,SER33,HIS5,LYS1,TDH1,ARG3,ACO2,CPA2,MET5,ARG7,ALD3,LEU4,ARG1,MET22,ARG8,SAM4,ASN1,MET16	NA	NA	NA	NA	NA	NA	NA	NA	NA	NA	NA	NA	NA	NA	NA
Process	GO:0006520	cellular amino acid metabolic process	2819	195	128	34	6.57e-9	YBR115C,YBR208C,YCL018W,YCL030C,YCR005C,YDL171C,YDR158W,YER052C,YER081W,YFR030W,YGL184C,YHR018C,YIL074C,YIL116W,YIR034C,YJL060W,YJR010W,YJR109C,YJR137C,YKL001C,YKL211C,YKL218C,YKR069W,YLL062C,YLR142W,YLR438W,YMR062C,YNL191W,YOL058W,YOL064C,YOR375C,YPL111W,YPR035W,YPR167C	LYS2,DUR1,2,LEU2,HIS4,CIT2,GLT1,HOM2,HOM3,SER3,MET10,STR3,ARG4,SER33,HIS5,LYS1,BNA3,MET3,CPA2,MET5,MET14,TRP3,SRY1,MET1,MHT1,PUT1,CAR2,ARG7,DUG3,ARG1,MET22,GDH1,CAR1,GLN1,MET16	NA	NA	NA	NA	NA	106	39	1.32e-14	YAL044C,YBR115C,YBR249C,YCL030C,YDL182W,YDR019C,YDR035W,YDR158W,YDR354W,YER052C,YER055C,YER069W,YER081W,YFR030W,YGL256W,YGR019W,YHR018C,YHR137W,YIL074C,YIL116W,YIR034C,YJL088W,YJL200C,YJR025C,YJR109C,YJR137C,YKL218C,YMR043W,YMR062C,YMR095C,YMR169C,YNL104C,YNL191W,YOL058W,YOL064C,YOL140W,YPL273W,YPR145W,YPR167C	GCV3,LYS2,ARO4,HIS4,LYS20,GCV1,ARO3,HOM2,TRP4,HOM3,HIS1,ARG5,6,SER3,MET10,ADH4,UGA1,ARG4,ARO9,SER33,HIS5,LYS1,ARG3,ACO2,BNA1,CPA2,MET5,SRY1,MCM1,ARG7,SNO1,ALD3,LEU4,DUG3,ARG1,MET22,ARG8,SAM4,ASN1,MET16	NA	NA	NA	NA	NA	NA	NA	NA	NA	NA	NA	NA	NA	NA	NA
Process	GO:0044283	small molecule biosynthetic process	2819	265	128	38	5.52e-8	YBR115C,YCL018W,YCL030C,YCR005C,YDL171C,YDR158W,YEL021W,YEL071W,YER052C,YER081W,YFR030W,YGL062W,YGL184C,YGR175C,YHR018C,YIL074C,YIL116W,YIR034C,YJL060W,YJR010W,YJR109C,YJR137C,YKL001C,YKL211C,YKR069W,YKR080W,YLL062C,YLR142W,YLR410W,YLR438W,YML075C,YMR062C,YMR096W,YOL058W,YOL064C,YOR375C,YPR035W,YPR167C	LYS2,LEU2,HIS4,CIT2,GLT1,HOM2,URA3,DLD3,HOM3,SER3,MET10,PYC1,STR3,ERG1,ARG4,SER33,HIS5,LYS1,BNA3,MET3,CPA2,MET5,MET14,TRP3,MET1,MTD1,MHT1,PUT1,VIP1,CAR2,HMG1,ARG7,SNZ1,ARG1,MET22,GDH1,GLN1,MET16	NA	NA	NA	NA	NA	106	39	2.83e-11	YBR115C,YBR218C,YBR249C,YBR256C,YCL030C,YDL182W,YDR035W,YDR158W,YDR354W,YDR441C,YER052C,YER055C,YER069W,YER081W,YFR030W,YGL256W,YHR018C,YHR137W,YIL074C,YIL116W,YIR034C,YJL052W,YJL088W,YJL200C,YJR109C,YJR137C,YML075C,YMR062C,YMR095C,YMR096W,YMR169C,YNL104C,YOL055C,YOL058W,YOL064C,YOL140W,YPL273W,YPR145W,YPR167C	LYS2,PYC2,ARO4,RIB5,HIS4,LYS20,ARO3,HOM2,TRP4,APT2,HOM3,HIS1,ARG5,6,SER3,MET10,ADH4,ARG4,ARO9,SER33,HIS5,LYS1,TDH1,ARG3,ACO2,CPA2,MET5,HMG1,ARG7,SNO1,SNZ1,ALD3,LEU4,THI20,ARG1,MET22,ARG8,SAM4,ASN1,MET16	NA	NA	NA	NA	NA	260	41	0.0244	YAL060W,YCL040W,YCR012W,YDL182W,YDR234W,YDR300C,YDR380W,YDR533C,YEL021W,YER061C,YER062C,YER081W,YFL018C,YFL030W,YFR053C,YGL001C,YGL062W,YGL256W,YGR205W,YGR254W,YHR137W,YIR034C,YJL052W,YJL153C,YJR009C,YJR130C,YKL067W,YKL150W,YKL192C,YLR410W,YLR438W,YML075C,YMR169C,YMR303C,YNL037C,YNR001C,YNR033W,YOL055C,YOR136W,YOR374W,YPL214C	BDH1,GLK1,PGK1,LYS20,LYS4,PRO1,ARO10,HSP31,URA3,CEM1,GPP2,SER3,LPD1,AGX1,HXK1,ERG26,PYC1,ADH4,TDA10,ENO1,ARO9,LYS1,TDH1,INO1,TDH2,STR2,YNK1,MCR1,ACP1,VIP1,CAR2,HMG1,ALD3,ADH2,IDH1,CIT1,ABZ1,THI20,IDH2,ALD4,THI6	NA	NA	NA	NA	NA
Process	GO:0019752	carboxylic acid metabolic process	2819	296	128	40	7.23e-8	YBR115C,YBR208C,YCL018W,YCL030C,YCR005C,YDL171C,YDR158W,YDR539W,YEL071W,YER052C,YER081W,YFR030W,YGL062W,YGL184C,YHR018C,YIL074C,YIL116W,YIR031C,YIR034C,YJL060W,YJR010W,YJR109C,YJR137C,YKL001C,YKL211C,YKL218C,YKR069W,YKR080W,YLL062C,YLR142W,YLR438W,YMR062C,YNL117W,YNL191W,YOL058W,YOL064C,YOR375C,YPL111W,YPR035W,YPR167C	LYS2,DUR1,2,LEU2,HIS4,CIT2,GLT1,HOM2,FDC1,DLD3,HOM3,SER3,MET10,PYC1,STR3,ARG4,SER33,HIS5,DAL7,LYS1,BNA3,MET3,CPA2,MET5,MET14,TRP3,SRY1,MET1,MTD1,MHT1,PUT1,CAR2,ARG7,MLS1,DUG3,ARG1,MET22,GDH1,CAR1,GLN1,MET16	NA	NA	NA	NA	NA	106	41	2.83e-11	YAL044C,YBR115C,YBR218C,YBR249C,YCL030C,YDL182W,YDR019C,YDR035W,YDR158W,YDR354W,YER052C,YER055C,YER069W,YER081W,YFR030W,YGL256W,YGR019W,YHR018C,YHR137W,YIL074C,YIL116W,YIR034C,YJL052W,YJL088W,YJL200C,YJR025C,YJR109C,YJR137C,YKL218C,YMR043W,YMR062C,YMR095C,YMR169C,YNL104C,YNL191W,YOL058W,YOL064C,YOL140W,YPL273W,YPR145W,YPR167C	GCV3,LYS2,PYC2,ARO4,HIS4,LYS20,GCV1,ARO3,HOM2,TRP4,HOM3,HIS1,ARG5,6,SER3,MET10,ADH4,UGA1,ARG4,ARO9,SER33,HIS5,LYS1,TDH1,ARG3,ACO2,BNA1,CPA2,MET5,SRY1,MCM1,ARG7,SNO1,ALD3,LEU4,DUG3,ARG1,MET22,ARG8,SAM4,ASN1,MET16	NA	NA	NA	NA	NA	260	52	3.8e-4	YBL015W,YCL040W,YCR012W,YDL174C,YDL182W,YDR148C,YDR234W,YDR300C,YDR380W,YDR511W,YDR533C,YDR539W,YER061C,YER081W,YFL018C,YFL030W,YFR047C,YFR049W,YFR053C,YGL062W,YGL256W,YGR019W,YGR244C,YGR254W,YGR256W,YHR137W,YIL125W,YIL160C,YIR034C,YJL052W,YJR009C,YJR019C,YJR130C,YKL085W,YKL148C,YKL192C,YLL041C,YLR304C,YLR438W,YMR145C,YMR169C,YMR303C,YNL037C,YNL117W,YNL202W,YNL274C,YNR001C,YNR033W,YOR136W,YOR374W,YPL111W,YPL262W	ACH1,GLK1,PGK1,DLD1,LYS20,KGD2,LYS4,PRO1,ARO10,SDH7,HSP31,FDC1,CEM1,SER3,LPD1,AGX1,BNA6,YMR31,HXK1,PYC1,ADH4,UGA1,LSC2,ENO1,GND2,ARO9,KGD1,POT1,LYS1,TDH1,TDH2,TES1,STR2,MDH1,SDH1,ACP1,SDH2,ACO1,CAR2,NDE1,ALD3,ADH2,IDH1,MLS1,SPS19,GOR1,CIT1,ABZ1,IDH2,ALD4,CAR1,FUM1	NA	NA	NA	NA	NA
Process	GO:0009064	glutamine family amino acid metabolic process	2819	47	128	14	1.72e-5	YBR208C,YCR005C,YDL171C,YHR018C,YJR109C,YKL211C,YLR142W,YLR438W,YMR062C,YNL191W,YOL058W,YOR375C,YPL111W,YPR035W	DUR1,2,CIT2,GLT1,ARG4,CPA2,TRP3,PUT1,CAR2,ARG7,DUG3,ARG1,GDH1,CAR1,GLN1	NA	NA	NA	NA	NA	106	11	2.9e-4	YER069W,YHR018C,YJL088W,YJR109C,YMR043W,YMR062C,YMR095C,YNL191W,YOL058W,YOL140W,YPR145W	ARG5,6,ARG4,ARG3,CPA2,MCM1,ARG7,SNO1,DUG3,ARG1,ARG8,ASN1	NA	NA	NA	NA	NA	NA	NA	NA	NA	NA	NA	NA	NA	NA	NA
Process	GO:0044281	small molecule metabolic process	2819	532	128	49	4.72e-5	YBR029C,YBR115C,YBR208C,YCL018W,YCL030C,YCR005C,YDL171C,YDR158W,YDR539W,YEL021W,YEL071W,YER052C,YER081W,YFR030W,YGL062W,YGL184C,YGR175C,YHR018C,YIL074C,YIL116W,YIR029W,YIR031C,YIR032C,YIR034C,YJL060W,YJR010W,YJR109C,YJR137C,YKL001C,YKL211C,YKL218C,YKR069W,YKR080W,YLL062C,YLR142W,YLR410W,YLR438W,YML075C,YMR062C,YMR096W,YNL117W,YNL191W,YNR019W,YOL058W,YOL064C,YOR375C,YPL111W,YPR035W,YPR167C	CDS1,LYS2,DUR1,2,LEU2,HIS4,CIT2,GLT1,HOM2,FDC1,URA3,DLD3,HOM3,SER3,MET10,PYC1,STR3,ERG1,ARG4,SER33,HIS5,DAL2,DAL7,DAL3,LYS1,BNA3,MET3,CPA2,MET5,MET14,TRP3,SRY1,MET1,MTD1,MHT1,PUT1,VIP1,CAR2,HMG1,ARG7,SNZ1,MLS1,DUG3,ARE2,ARG1,MET22,GDH1,CAR1,GLN1,MET16	NA	NA	NA	NA	NA	106	52	7.39e-10	YAL044C,YBR115C,YBR218C,YBR249C,YBR256C,YCL030C,YDL182W,YDR019C,YDR035W,YDR158W,YDR354W,YDR441C,YEL039C,YER052C,YER055C,YER069W,YER081W,YFR030W,YGL156W,YGL256W,YGR019W,YHR018C,YHR137W,YIL074C,YIL116W,YIR029W,YIR034C,YJL052W,YJL088W,YJL200C,YJR025C,YJR109C,YJR137C,YKL218C,YLR245C,YML075C,YMR043W,YMR062C,YMR095C,YMR096W,YMR120C,YMR169C,YNL104C,YNL191W,YNR019W,YOL055C,YOL058W,YOL064C,YOL140W,YPL273W,YPR145W,YPR167C	GCV3,LYS2,PYC2,ARO4,RIB5,HIS4,LYS20,GCV1,ARO3,HOM2,TRP4,APT2,CYC7,HOM3,HIS1,ARG5,6,SER3,MET10,AMS1,ADH4,UGA1,ARG4,ARO9,SER33,HIS5,DAL2,LYS1,TDH1,ARG3,ACO2,BNA1,CPA2,MET5,SRY1,CDD1,HMG1,MCM1,ARG7,SNO1,SNZ1,ADE17,ALD3,LEU4,DUG3,ARE2,THI20,ARG1,MET22,ARG8,SAM4,ASN1,MET16	NA	NA	NA	NA	NA	260	107	1.41e-12	Q0045,Q0250,YAL060W,YBL015W,YBL045C,YBL099W,YBR039W,YBR117C,YCL040W,YCR012W,YCR083W,YDL004W,YDL174C,YDL182W,YDR148C,YDR234W,YDR298C,YDR300C,YDR322C-A,YDR377W,YDR380W,YDR511W,YDR529C,YDR533C,YDR539W,YEL021W,YEL024W,YER061C,YER062C,YER081W,YFL018C,YFL030W,YFR033C,YFR047C,YFR049W,YFR053C,YGL001C,YGL062W,YGL156W,YGL187C,YGL191W,YGL256W,YGR019W,YGR043C,YGR205W,YGR244C,YGR254W,YGR256W,YHR043C,YHR051W,YHR137W,YIL125W,YIL155C,YIL160C,YIR029W,YIR034C,YJL012C,YJL052W,YJL153C,YJR009C,YJR019C,YJR048W,YJR121W,YJR130C,YKL016C,YKL067W,YKL085W,YKL148C,YKL150W,YKL192C,YKR067W,YLL041C,YLR038C,YLR304C,YLR395C,YLR410W,YLR438W,YML075C,YML081C-A,YML120C,YML123C,YMR105C,YMR145C,YMR169C,YMR303C,YNL037C,YNL052W,YNL117W,YNL202W,YNL274C,YNR001C,YNR019W,YNR033W,YOL055C,YOL077W-A,YOR065W,YOR120W,YOR136W,YOR374W,YPL019C,YPL078C,YPL111W,YPL214C,YPL262W,YPL271W,YPR127W,YPR191W	COX1,COX2,BDH1,ACH1,COR1,ATP1,ATP3,TKL2,GLK1,PGK1,TRX3,ATP16,DLD1,LYS20,KGD2,LYS4,ATP5,PRO1,TIM11,ATP17,ARO10,SDH7,QCR7,HSP31,FDC1,URA3,RIP1,CEM1,GPP2,SER3,LPD1,AGX1,QCR6,BNA6,YMR31,HXK1,ERG26,PYC1,AMS1,COX4,COX13,ADH4,UGA1,NQM1,TDA10,LSC2,ENO1,GND2,DOG2,COX6,ARO9,KGD1,GUT2,POT1,DAL2,LYS1,VTC4,TDH1,INO1,TDH2,TES1,CYC1,ATP2,STR2,ATP7,YNK1,MDH1,SDH1,MCR1,ACP1,GPT2,SDH2,COX12,ACO1,COX8,VIP1,CAR2,HMG1,ATP18,NDI1,PHO84,PGM2,NDE1,ALD3,ADH2,IDH1,COX5A,MLS1,SPS19,GOR1,CIT1,ARE2,ABZ1,THI20,ATP19,CYT1,GCY1,IDH2,ALD4,VTC3,ATP4,CAR1,THI6,FUM1,ATP15,YPR127W,QCR2	NA	NA	NA	NA	NA
Process	GO:0009067	aspartate family amino acid biosynthetic process	2819	46	128	13	6.9e-5	YBR115C,YDR158W,YER052C,YFR030W,YGL184C,YIR034C,YJR010W,YJR137C,YKL001C,YKR069W,YLL062C,YOL064C,YPR167C	LYS2,HOM2,HOM3,MET10,STR3,LYS1,MET3,MET5,MET14,MET1,MHT1,MET22,MET16	NA	NA	NA	NA	NA	106	13	8.57e-6	YBR115C,YDL182W,YDR158W,YER052C,YFR030W,YHR137W,YIR034C,YJL200C,YJR137C,YOL064C,YPL273W,YPR145W,YPR167C	LYS2,LYS20,HOM2,HOM3,MET10,ARO9,LYS1,ACO2,MET5,MET22,SAM4,ASN1,MET16	NA	NA	NA	NA	NA	NA	NA	NA	NA	NA	NA	NA	NA	NA	NA
Process	GO:0009084	glutamine family amino acid biosynthetic process	2819	24	128	10	7.42e-5	YCR005C,YDL171C,YHR018C,YJR109C,YLR142W,YLR438W,YMR062C,YOL058W,YOR375C,YPR035W	CIT2,GLT1,ARG4,CPA2,PUT1,CAR2,ARG7,ARG1,GDH1,GLN1	NA	NA	NA	NA	NA	NA	NA	NA	NA	NA	NA	NA	NA	NA	NA	NA	NA	NA	NA	NA	NA	NA	NA	NA	NA
Process	GO:0009070	serine family amino acid biosynthetic process	2819	24	128	10	7.42e-5	YDR158W,YER052C,YER081W,YFR030W,YGL184C,YIL074C,YJR010W,YJR137C,YKL001C,YPR167C	HOM2,HOM3,SER3,MET10,STR3,SER33,MET3,MET5,MET14,MET16	NA	NA	NA	NA	NA	106	7	0.0043	YDR158W,YER052C,YER081W,YFR030W,YIL074C,YJR137C,YPR167C	HOM2,HOM3,SER3,MET10,SER33,MET5,MET16	NA	NA	NA	NA	NA	NA	NA	NA	NA	NA	NA	NA	NA	NA	NA
Process	GO:0009086	methionine biosynthetic process	2819	34	128	11	1.4e-4	YDR158W,YER052C,YFR030W,YGL184C,YJR010W,YJR137C,YKL001C,YKR069W,YLL062C,YOL064C,YPR167C	HOM2,HOM3,MET10,STR3,MET3,MET5,MET14,MET1,MHT1,MET22,MET16	NA	NA	NA	NA	NA	106	8	0.0044	YDR158W,YER052C,YFR030W,YHR137W,YJR137C,YOL064C,YPL273W,YPR167C	HOM2,HOM3,MET10,ARO9,MET5,MET22,SAM4,MET16	NA	NA	NA	NA	NA	NA	NA	NA	NA	NA	NA	NA	NA	NA	NA
Process	GO:0000103	sulfate assimilation	2819	9	128	7	1.4e-4	YFR030W,YJR010W,YJR137C,YKL001C,YKR069W,YOL064C,YPR167C	MET10,MET3,MET5,MET14,MET1,MET22,MET16	NA	NA	NA	NA	NA	106	4	0.0297	YFR030W,YJR137C,YOL064C,YPR167C	MET10,MET5,MET22,MET16	NA	NA	NA	NA	NA	NA	NA	NA	NA	NA	NA	NA	NA	NA	NA
Process	GO:0006525	arginine metabolic process	2819	14	128	7	8.6e-4	YBR208C,YHR018C,YJR109C,YLR438W,YMR062C,YOL058W,YPL111W	DUR1,2,ARG4,CPA2,CAR2,ARG7,ARG1,CAR1	NA	NA	NA	NA	NA	106	8	4.24e-5	YER069W,YHR018C,YJL088W,YJR109C,YMR043W,YMR062C,YOL058W,YOL140W	ARG5,6,ARG4,ARG3,CPA2,MCM1,ARG7,ARG1,ARG8	NA	NA	NA	NA	NA	NA	NA	NA	NA	NA	NA	NA	NA	NA	NA
Process	GO:0019748	secondary metabolic process	2819	9	128	6	0.001	YDR539W,YFR030W,YJR010W,YJR137C,YKL001C,YPR167C	FDC1,MET10,MET3,MET5,MET14,MET16	NA	NA	NA	NA	NA	NA	NA	NA	NA	NA	NA	NA	NA	NA	NA	NA	NA	NA	NA	NA	NA	NA	NA	NA	NA
Process	GO:0019344	cysteine biosynthetic process	2819	11	128	6	0.0023	YFR030W,YGL184C,YJR010W,YJR137C,YKL001C,YPR167C	MET10,STR3,MET3,MET5,MET14,MET16	NA	NA	NA	NA	NA	NA	NA	NA	NA	NA	NA	NA	NA	NA	NA	NA	NA	NA	NA	NA	NA	NA	NA	NA	NA
Process	GO:0070814	hydrogen sulfide biosynthetic process	2819	6	128	5	0.0024	YFR030W,YJR010W,YJR137C,YKL001C,YPR167C	MET10,MET3,MET5,MET14,MET16	NA	NA	NA	NA	NA	NA	NA	NA	NA	NA	NA	NA	NA	NA	NA	NA	NA	NA	NA	NA	NA	NA	NA	NA	NA
Process	GO:0009403	toxin biosynthetic process	2819	6	128	5	0.0024	YFR030W,YJR010W,YJR137C,YKL001C,YPR167C	MET10,MET3,MET5,MET14,MET16	NA	NA	NA	NA	NA	NA	NA	NA	NA	NA	NA	NA	NA	NA	NA	NA	NA	NA	NA	NA	NA	NA	NA	NA	NA
Process	GO:0019419	sulfate reduction	2819	4	128	4	0.0072	YJR010W,YJR137C,YKL001C,YPR167C	MET3,MET5,MET14,MET16	NA	NA	NA	NA	NA	NA	NA	NA	NA	NA	NA	NA	NA	NA	NA	NA	NA	NA	NA	NA	NA	NA	NA	NA	NA
Process	GO:0000256	allantoin catabolic process	2819	4	128	4	0.0072	YBR208C,YIR029W,YIR031C,YIR032C	DUR1,2,DAL2,DAL7,DAL3	NA	NA	NA	NA	NA	NA	NA	NA	NA	NA	NA	NA	NA	NA	NA	NA	NA	NA	NA	NA	NA	NA	NA	NA	NA
Process	GO:0055114	oxidation-reduction process	2819	319	128	29	0.009	YBR115C,YCL018W,YCL030C,YCR005C,YDL171C,YDR158W,YEL071W,YER042W,YER081W,YFR030W,YGL107C,YGR175C,YIL074C,YIR031C,YIR034C,YJR010W,YJR137C,YKL001C,YKR043C,YKR046C,YKR069W,YKR080W,YLR142W,YML075C,YNL117W,YNL240C,YOR375C,YPR037C,YPR167C	LYS2,LEU2,HIS4,CIT2,GLT1,HOM2,DLD3,MXR1,SER3,MET10,RMD9,ERG1,SER33,DAL7,LYS1,MET3,MET5,MET14,SHB17,PET10,MET1,MTD1,PUT1,HMG1,MLS1,NAR1,GDH1,ERV2,MET16	NA	NA	NA	NA	NA	106	26	0.0065	YAL044C,YBR115C,YCL030C,YDL010W,YDR019C,YDR158W,YEL039C,YER069W,YER081W,YFR015C,YFR030W,YGL256W,YHL021C,YIL074C,YIR034C,YJL052W,YJL200C,YJR025C,YJR111C,YJR137C,YKR046C,YML075C,YMR169C,YNR074C,YPR037C,YPR167C	GCV3,LYS2,HIS4,GRX6,GCV1,HOM2,CYC7,ARG5,6,SER3,GSY1,MET10,ADH4,AIM17,SER33,LYS1,TDH1,ACO2,BNA1,PXP2,MET5,PET10,HMG1,ALD3,AIF1,ERV2,MET16	NA	NA	NA	NA	NA	260	83	5.13e-14	Q0045,Q0250,YAL060W,YBL030C,YBL045C,YBL064C,YBR117C,YCL033C,YCL035C,YCR083W,YDL174C,YDR148C,YDR453C,YDR513W,YDR529C,YEL024W,YER067W,YER081W,YER101C,YER174C,YFL018C,YFR033C,YFR049W,YGL001C,YGL107C,YGL187C,YGL191W,YGL256W,YGR043C,YGR088W,YGR234W,YGR244C,YGR256W,YHL021C,YHR008C,YHR051W,YHR179W,YIL125W,YIL155C,YIL160C,YIR034C,YIR035C,YJL052W,YJR009C,YJR019C,YJR048W,YJR104C,YKL085W,YKL086W,YKL148C,YKL150W,YKL192C,YKR046C,YKR049C,YKR066C,YLL041C,YLR038C,YLR304C,YLR395C,YML075C,YML120C,YMR056C,YMR105C,YMR145C,YMR169C,YMR303C,YNL037C,YNL052W,YNL117W,YNL134C,YNL202W,YNL274C,YNR001C,YOR065W,YOR120W,YOR136W,YOR374W,YPL171C,YPL262W,YPR127W,YPR160W,YPR184W,YPR191W	COX1,COX2,BDH1,PET9,COR1,PRX1,TKL2,MXR2,GRX1,TRX3,DLD1,KGD2,TSA2,GRX2,QCR7,RIP1,RGI1,SER3,AST2,GRX4,LPD1,QCR6,YMR31,ERG26,RMD9,COX4,COX13,ADH4,NQM1,CTT1,YHB1,LSC2,GND2,AIM17,SOD2,COX6,OYE2,KGD1,GUT2,POT1,LYS1,YIR035C,TDH1,TDH2,TES1,CYC1,SOD1,MDH1,SRX1,SDH1,MCR1,ACP1,PET10,FMP46,CCP1,SDH2,COX12,ACO1,COX8,HMG1,NDI1,AAC1,PGM2,NDE1,ALD3,ADH2,IDH1,COX5A,MLS1,YNL134C,SPS19,GOR1,CIT1,CYT1,GCY1,IDH2,ALD4,OYE3,FUM1,YPR127W,GPH1,GDB1,QCR2	NA	NA	NA	NA	NA
Process	GO:0006790	sulfur compound metabolic process	2819	102	128	14	0.0115	YDR158W,YER052C,YFR030W,YGL184C,YJR010W,YJR137C,YKL001C,YKR069W,YLL062C,YML075C,YNL191W,YNL240C,YOL064C,YPR167C	HOM2,HOM3,MET10,STR3,MET3,MET5,MET14,MET1,MHT1,HMG1,DUG3,NAR1,MET22,MET16	NA	NA	NA	NA	NA	NA	NA	NA	NA	NA	NA	NA	NA	NA	NA	NA	NA	NA	NA	NA	NA	NA	NA	NA	NA
Process	GO:0019627	urea metabolic process	2819	7	128	4	0.0259	YBR208C,YJR109C,YOL058W,YPL111W	DUR1,2,CPA2,ARG1,CAR1	NA	NA	NA	NA	NA	NA	NA	NA	NA	NA	NA	NA	NA	NA	NA	NA	NA	NA	NA	NA	NA	NA	NA	NA	NA
Process	GO:0006097	glyoxylate cycle	2819	7	128	4	0.0259	YCL018W,YCR005C,YIR031C,YNL117W	LEU2,CIT2,DAL7,MLS1	NA	NA	NA	NA	NA	NA	NA	NA	NA	NA	NA	NA	NA	NA	NA	NA	NA	NA	NA	NA	NA	NA	NA	NA	NA
Process	GO:0006591	ornithine metabolic process	2819	8	128	4	0.0358	YHR018C,YLR438W,YMR062C,YPL111W	ARG4,CAR2,ARG7,CAR1	NA	NA	NA	NA	NA	106	5	0.0032	YER069W,YHR018C,YJL088W,YMR062C,YOL140W	ARG5,6,ARG4,ARG3,ARG7,ARG8	NA	NA	NA	NA	NA	NA	NA	NA	NA	NA	NA	NA	NA	NA	NA
Process	GO:0019379	sulfate assimilation, phosphoadenylyl sulfate reduction by phosphoadenylyl-sulfate reductase (thioredoxin)	2819	3	128	3	0.0387	YJR010W,YKL001C,YPR167C	MET3,MET14,MET16	NA	NA	NA	NA	NA	NA	NA	NA	NA	NA	NA	NA	NA	NA	NA	NA	NA	NA	NA	NA	NA	NA	NA	NA	NA
Process	GO:0006526	arginine biosynthetic process	2819	9	128	4	0.0465	YHR018C,YJR109C,YMR062C,YOL058W	ARG4,CPA2,ARG7,ARG1	NA	NA	NA	NA	NA	106	7	4.84e-5	YER069W,YHR018C,YJL088W,YJR109C,YMR062C,YOL058W,YOL140W	ARG5,6,ARG4,ARG3,CPA2,ARG7,ARG1,ARG8	NA	NA	NA	NA	NA	NA	NA	NA	NA	NA	NA	NA	NA	NA	NA
Component	GO:0098798	mitochondrial protein complex	2819	149	NA	NA	NA	NA	NA	405	49	4.5e-4	YBL045C,YBL099W,YBR039W,YBR268W,YCR046C,YDL004W,YDL067C,YDR116C,YDR148C,YDR298C,YDR322C-A,YDR347W,YDR405W,YDR529C,YFR011C,YFR049W,YGL068W,YGL187C,YGL191W,YGR215W,YHR024C,YIL111W,YIL125W,YJR113C,YJR121W,YKL016C,YKL148C,YKL155C,YKL170W,YKR006C,YKR085C,YLL041C,YLR038C,YLR163C,YLR439W,YML030W,YMR089C,YMR158W,YMR188C,YNL052W,YNL185C,YNL284C,YNL306W,YNR037C,YOR045W,YOR356W,YPL078C,YPL271W,YPR100W	COR1,ATP1,ATP3,MRPL37,IMG1,ATP16,COX9,MRPL1,KGD2,ATP5,TIM11,MRP1,MRP20,QCR7,MIC19,YMR31,MNP1,COX4,COX13,RSM27,MAS2,COX5B,KGD1,RSM7,ATP2,ATP7,SDH1,RSM22,MRPL38,MRPL13,MRPL20,SDH2,COX12,MAS1,MRPL4,RCF1,YTA12,MRPS8,MRPS17,COX5A,MRPL19,MRPL10,MRPS18,RSM19,TOM6,CIR2,ATP4,ATP15,MRPL51	NA	NA	NA	NA	NA	NA	NA	NA	NA	NA	260	46	2.95e-9	Q0045,Q0250,YBL045C,YBL099W,YBR039W,YDL004W,YDR148C,YDR298C,YDR322C-A,YDR377W,YDR494W,YDR529C,YEL020W-A,YEL024W,YER050C,YFL018C,YFR033C,YFR049W,YGL187C,YGL191W,YGR084C,YGR220C,YHR051W,YIL125W,YJR121W,YKL016C,YKL148C,YKR085C,YLL041C,YLR038C,YLR395C,YML081C-A,YMR193W,YMR225C,YMR286W,YNL026W,YNL037C,YNL052W,YOL077W-A,YOR065W,YOR136W,YPL078C,YPL118W,YPL215W,YPL271W,YPR191W	COX1,COX2,COR1,ATP1,ATP3,ATP16,KGD2,ATP5,TIM11,ATP17,RSM28,QCR7,TIM9,RIP1,RSM18,LPD1,QCR6,YMR31,COX4,COX13,MRP13,MRPL9,COX6,KGD1,ATP2,ATP7,SDH1,MRPL20,SDH2,COX12,COX8,ATP18,MRPL24,MRPL44,MRPL33,SAM50,IDH1,COX5A,ATP19,CYT1,IDH2,ATP4,MRP51,CBP3,ATP15,QCR2	NA	NA	NA	NA	NA
Component	GO:0098800	inner mitochondrial membrane protein complex	2819	58	NA	NA	NA	NA	NA	405	23	0.0227	YBL045C,YBL099W,YBR039W,YDL004W,YDL067C,YDR298C,YDR322C-A,YDR529C,YFR011C,YGL187C,YGL191W,YIL111W,YJR121W,YKL016C,YKL148C,YLL041C,YLR038C,YLR163C,YML030W,YMR089C,YNL052W,YPL078C,YPL271W	COR1,ATP1,ATP3,ATP16,COX9,ATP5,TIM11,QCR7,MIC19,COX4,COX13,COX5B,ATP2,ATP7,SDH1,SDH2,COX12,MAS1,RCF1,YTA12,COX5A,ATP4,ATP15	NA	NA	NA	NA	NA	NA	NA	NA	NA	NA	260	29	2.95e-9	Q0045,Q0250,YBL045C,YBL099W,YBR039W,YDL004W,YDR298C,YDR322C-A,YDR377W,YDR529C,YEL020W-A,YEL024W,YFR033C,YGL187C,YGL191W,YHR051W,YJR121W,YKL016C,YKL148C,YLL041C,YLR038C,YLR395C,YML081C-A,YNL052W,YOL077W-A,YOR065W,YPL078C,YPL271W,YPR191W	COX1,COX2,COR1,ATP1,ATP3,ATP16,ATP5,TIM11,ATP17,QCR7,TIM9,RIP1,QCR6,COX4,COX13,COX6,ATP2,ATP7,SDH1,SDH2,COX12,COX8,ATP18,COX5A,ATP19,CYT1,ATP4,ATP15,QCR2	NA	NA	NA	NA	NA
Process	GO:0008652	cellular amino acid biosynthetic process	2819	113	NA	NA	NA	NA	NA	NA	NA	NA	NA	NA	106	30	1.42e-13	YBR115C,YBR249C,YCL030C,YDL182W,YDR035W,YDR158W,YDR354W,YER052C,YER055C,YER069W,YER081W,YFR030W,YHR018C,YHR137W,YIL074C,YIL116W,YIR034C,YJL088W,YJL200C,YJR109C,YJR137C,YMR062C,YMR169C,YNL104C,YOL058W,YOL064C,YOL140W,YPL273W,YPR145W,YPR167C	LYS2,ARO4,HIS4,LYS20,ARO3,HOM2,TRP4,HOM3,HIS1,ARG5,6,SER3,MET10,ARG4,ARO9,SER33,HIS5,LYS1,ARG3,ACO2,CPA2,MET5,ARG7,ALD3,LEU4,ARG1,MET22,ARG8,SAM4,ASN1,MET16	NA	NA	NA	NA	NA	NA	NA	NA	NA	NA	NA	NA	NA	NA	NA
Process	GO:0009069	serine family amino acid metabolic process	2819	33	NA	NA	NA	NA	NA	NA	NA	NA	NA	NA	106	10	1.3e-4	YAL044C,YDR019C,YDR158W,YER052C,YER081W,YFR030W,YIL074C,YJR137C,YPL273W,YPR167C	GCV3,GCV1,HOM2,HOM3,SER3,MET10,SER33,MET5,SAM4,MET16	NA	NA	NA	NA	NA	NA	NA	NA	NA	NA	NA	NA	NA	NA	NA
Process	GO:1901566	organonitrogen compound biosynthetic process	2819	601	NA	NA	NA	NA	NA	NA	NA	NA	NA	NA	106	44	2.4e-4	YBR115C,YBR249C,YBR256C,YCL030C,YDL182W,YDR035W,YDR158W,YDR354W,YDR441C,YER052C,YER055C,YER069W,YER081W,YFR030W,YHR018C,YHR137W,YIL074C,YIL116W,YIR034C,YJL052W,YJL088W,YJL200C,YJR025C,YJR109C,YJR137C,YKR085C,YLR245C,YMR062C,YMR095C,YMR096W,YMR120C,YMR169C,YMR286W,YNL104C,YNR007C,YOL055C,YOL058W,YOL064C,YOL140W,YOR167C,YOR299W,YPL273W,YPR145W,YPR167C	LYS2,ARO4,RIB5,HIS4,LYS20,ARO3,HOM2,TRP4,APT2,HOM3,HIS1,ARG5,6,SER3,MET10,ARG4,ARO9,SER33,HIS5,LYS1,TDH1,ARG3,ACO2,BNA1,CPA2,MET5,MRPL20,CDD1,ARG7,SNO1,SNZ1,ADE17,ALD3,MRPL33,LEU4,ATG3,THI20,ARG1,MET22,ARG8,RPS28A,BUD7,SAM4,ASN1,MET16	NA	NA	NA	NA	NA	NA	NA	NA	NA	NA	NA	NA	NA	NA	NA
Process	GO:0009085	lysine biosynthetic process	2819	11	NA	NA	NA	NA	NA	NA	NA	NA	NA	NA	106	6	0.0011	YBR115C,YDL182W,YDR158W,YER052C,YIR034C,YJL200C	LYS2,LYS20,HOM2,HOM3,LYS1,ACO2	NA	NA	NA	NA	NA	NA	NA	NA	NA	NA	NA	NA	NA	NA	NA
Process	GO:0009072	aromatic amino acid family metabolic process	2819	32	NA	NA	NA	NA	NA	NA	NA	NA	NA	NA	106	8	0.0035	YBR249C,YCL030C,YDR035W,YDR354W,YER055C,YHR137W,YIL116W,YJR025C	ARO4,HIS4,ARO3,TRP4,HIS1,ARO9,HIS5,BNA1	NA	NA	NA	NA	NA	NA	NA	NA	NA	NA	NA	NA	NA	NA	NA
Process	GO:0044272	sulfur compound biosynthetic process	2819	54	NA	NA	NA	NA	NA	NA	NA	NA	NA	NA	106	9	0.0137	YDR158W,YER052C,YFR030W,YHR137W,YJR137C,YOL055C,YOL064C,YPL273W,YPR167C	HOM2,HOM3,MET10,ARO9,MET5,THI20,MET22,SAM4,MET16	NA	NA	NA	NA	NA	NA	NA	NA	NA	NA	NA	NA	NA	NA	NA
Process	GO:0009073	aromatic amino acid family biosynthetic process	2819	22	NA	NA	NA	NA	NA	NA	NA	NA	NA	NA	106	6	0.0143	YBR249C,YCL030C,YDR035W,YDR354W,YER055C,YIL116W	ARO4,HIS4,ARO3,TRP4,HIS1,HIS5	NA	NA	NA	NA	NA	NA	NA	NA	NA	NA	NA	NA	NA	NA	NA
Process	GO:0017144	drug metabolic process	2819	195	NA	NA	NA	NA	NA	NA	NA	NA	NA	NA	106	18	0.0175	YAL044C,YBR256C,YDR019C,YDR441C,YEL039C,YFR030W,YHR137W,YIR029W,YJL052W,YJL200C,YJR137C,YMR095C,YMR096W,YOL055C,YOR299W,YPL273W,YPR145W,YPR167C	GCV3,RIB5,GCV1,APT2,CYC7,MET10,ARO9,DAL2,TDH1,ACO2,MET5,SNO1,SNZ1,THI20,BUD7,SAM4,ASN1,MET16	NA	NA	NA	NA	NA	260	69	1.39e-16	Q0045,Q0250,YBL015W,YBL045C,YBL099W,YBR039W,YCL040W,YCR012W,YDL004W,YDR148C,YDR298C,YDR300C,YDR322C-A,YDR377W,YDR380W,YDR511W,YDR529C,YDR539W,YEL024W,YFL018C,YFL030W,YFR033C,YFR047C,YFR049W,YFR053C,YGL187C,YGL191W,YGR088W,YGR234W,YGR244C,YGR254W,YHR051W,YHR137W,YIL125W,YIR029W,YJL052W,YJR009C,YJR048W,YJR121W,YKL016C,YKL085W,YKL148C,YKR066C,YLL041C,YLR038C,YLR304C,YLR395C,YLR438W,YML081C-A,YML120C,YMR145C,YMR303C,YNL037C,YNL052W,YNL117W,YNR001C,YNR033W,YOL055C,YOL077W-A,YOR065W,YOR136W,YOR299W,YOR374W,YPL078C,YPL214C,YPL262W,YPL271W,YPR127W,YPR191W	COX1,COX2,ACH1,COR1,ATP1,ATP3,GLK1,PGK1,ATP16,KGD2,ATP5,PRO1,TIM11,ATP17,ARO10,SDH7,QCR7,FDC1,RIP1,LPD1,AGX1,QCR6,BNA6,YMR31,HXK1,COX4,COX13,CTT1,YHB1,LSC2,ENO1,COX6,ARO9,KGD1,DAL2,TDH1,TDH2,CYC1,ATP2,ATP7,MDH1,SDH1,CCP1,SDH2,COX12,ACO1,COX8,CAR2,ATP18,NDI1,NDE1,ADH2,IDH1,COX5A,MLS1,CIT1,ABZ1,THI20,ATP19,CYT1,IDH2,BUD7,ALD4,ATP4,THI6,FUM1,ATP15,YPR127W,QCR2	NA	NA	NA	NA	NA
Process	GO:0009058	biosynthetic process	2819	1069	NA	NA	NA	NA	NA	NA	NA	NA	NA	NA	106	57	0.0287	YBR115C,YBR218C,YBR249C,YBR256C,YCL030C,YDL070W,YDL182W,YDR035W,YDR158W,YDR354W,YDR441C,YER052C,YER055C,YER069W,YER081W,YFR015C,YFR030W,YGL256W,YGR104C,YHR018C,YHR029C,YHR133C,YHR137W,YIL074C,YIL116W,YIR034C,YJL052W,YJL088W,YJL200C,YJR025C,YJR109C,YJR137C,YKR085C,YLR245C,YML075C,YMR043W,YMR062C,YMR095C,YMR096W,YMR120C,YMR169C,YMR286W,YNL104C,YNL156C,YNL215W,YNR007C,YOL055C,YOL058W,YOL064C,YOL140W,YOR167C,YOR299W,YPL011C,YPL273W,YPR145W,YPR167C,YPR175W	LYS2,PYC2,ARO4,RIB5,HIS4,BDF2,LYS20,ARO3,HOM2,TRP4,APT2,HOM3,HIS1,ARG5,6,SER3,GSY1,MET10,ADH4,SRB5,ARG4,YHI9,NSG1,ARO9,SER33,HIS5,LYS1,TDH1,ARG3,ACO2,BNA1,CPA2,MET5,MRPL20,CDD1,HMG1,MCM1,ARG7,SNO1,SNZ1,ADE17,ALD3,MRPL33,LEU4,NSG2,IES2,ATG3,THI20,ARG1,MET22,ARG8,RPS28A,BUD7,TAF3,SAM4,ASN1,MET16,DPB2	NA	NA	NA	NA	NA	NA	NA	NA	NA	NA	NA	NA	NA	NA	NA
Process	GO:0006592	ornithine biosynthetic process	2819	3	NA	NA	NA	NA	NA	NA	NA	NA	NA	NA	106	3	0.0289	YER069W,YMR062C,YOL140W	ARG5,6,ARG7,ARG8	NA	NA	NA	NA	NA	NA	NA	NA	NA	NA	NA	NA	NA	NA	NA
Process	GO:0019878	lysine biosynthetic process via aminoadipic acid	2819	9	NA	NA	NA	NA	NA	NA	NA	NA	NA	NA	106	4	0.0297	YBR115C,YDL182W,YIR034C,YJL200C	LYS2,LYS20,LYS1,ACO2	NA	NA	NA	NA	NA	NA	NA	NA	NA	NA	NA	NA	NA	NA	NA
Process	GO:1901576	organic substance biosynthetic process	2819	1057	NA	NA	NA	NA	NA	NA	NA	NA	NA	NA	106	56	0.0359	YBR115C,YBR218C,YBR249C,YBR256C,YCL030C,YDL070W,YDL182W,YDR035W,YDR158W,YDR354W,YDR441C,YER052C,YER055C,YER069W,YER081W,YFR015C,YFR030W,YGL256W,YGR104C,YHR018C,YHR133C,YHR137W,YIL074C,YIL116W,YIR034C,YJL052W,YJL088W,YJL200C,YJR025C,YJR109C,YJR137C,YKR085C,YLR245C,YML075C,YMR043W,YMR062C,YMR095C,YMR096W,YMR120C,YMR169C,YMR286W,YNL104C,YNL156C,YNL215W,YNR007C,YOL055C,YOL058W,YOL064C,YOL140W,YOR167C,YOR299W,YPL011C,YPL273W,YPR145W,YPR167C,YPR175W	LYS2,PYC2,ARO4,RIB5,HIS4,BDF2,LYS20,ARO3,HOM2,TRP4,APT2,HOM3,HIS1,ARG5,6,SER3,GSY1,MET10,ADH4,SRB5,ARG4,NSG1,ARO9,SER33,HIS5,LYS1,TDH1,ARG3,ACO2,BNA1,CPA2,MET5,MRPL20,CDD1,HMG1,MCM1,ARG7,SNO1,SNZ1,ADE17,ALD3,MRPL33,LEU4,NSG2,IES2,ATG3,THI20,ARG1,MET22,ARG8,RPS28A,BUD7,TAF3,SAM4,ASN1,MET16,DPB2	NA	NA	NA	NA	NA	NA	NA	NA	NA	NA	NA	NA	NA	NA	NA
Process	GO:1901564	organonitrogen compound metabolic process	2819	1174	NA	NA	NA	NA	NA	NA	NA	NA	NA	NA	106	60	0.0496	YAL044C,YBR115C,YBR249C,YBR256C,YCL030C,YDL182W,YDR019C,YDR035W,YDR049W,YDR158W,YDR354W,YDR441C,YEL039C,YER052C,YER055C,YER069W,YER081W,YFR030W,YGL156W,YGL256W,YGR019W,YGR072W,YHR018C,YHR137W,YIL074C,YIL116W,YIR029W,YIR034C,YJL052W,YJL088W,YJL151C,YJL200C,YJR025C,YJR109C,YJR137C,YKL218C,YKR085C,YLR245C,YML075C,YMR043W,YMR062C,YMR095C,YMR096W,YMR120C,YMR169C,YMR286W,YNL020C,YNL104C,YNL191W,YNR007C,YOL055C,YOL058W,YOL064C,YOL140W,YOL154W,YOR167C,YOR299W,YPL273W,YPR145W,YPR167C	GCV3,LYS2,ARO4,RIB5,HIS4,LYS20,GCV1,ARO3,VMS1,HOM2,TRP4,APT2,CYC7,HOM3,HIS1,ARG5,6,SER3,MET10,AMS1,ADH4,UGA1,UPF3,ARG4,ARO9,SER33,HIS5,DAL2,LYS1,TDH1,ARG3,SNA3,ACO2,BNA1,CPA2,MET5,SRY1,MRPL20,CDD1,HMG1,MCM1,ARG7,SNO1,SNZ1,ADE17,ALD3,MRPL33,ARK1,LEU4,DUG3,ATG3,THI20,ARG1,MET22,ARG8,ZPS1,RPS28A,BUD7,SAM4,ASN1,MET16	NA	NA	NA	NA	NA	NA	NA	NA	NA	NA	NA	NA	NA	NA	NA
Component	GO:0005730	nucleolus	2819	233	NA	NA	NA	NA	NA	NA	NA	NA	NA	NA	NA	NA	NA	NA	NA	358	55	0.0133	YAL025C,YBL026W,YBR057C,YBR247C,YCR086W,YCR087C-A,YDL148C,YDL153C,YDR101C,YDR324C,YDR496C,YER006W,YER164W,YFL002C,YFR028C,YGL070C,YGL171W,YGR090W,YGR103W,YGR145W,YGR158C,YGR159C,YGR251W,YHR052W,YHR069C,YJL050W,YJR002W,YKL021C,YKL139W,YKR081C,YLR186W,YMR014W,YMR128W,YMR229C,YMR269W,YMR290C,YNL002C,YNL110C,YNL224C,YNL248C,YNR038W,YNR053C,YOL010W,YOL077C,YOR004W,YOR078W,YOR145C,YOR272W,YOR340C,YPL043W,YPL093W,YPL146C,YPL208W,YPR137W,YPR187W	MAK16,LSM2,MUM2,ENP1,CSM1,YCR087C-A,NOP14,SAS10,ARX1,UTP4,PUF6,NUG1,CHD1,SPB4,CDC14,RPB9,ROK1,UTP22,NOP7,ENP2,MTR3,NSR1,NOP19,CIC1,RRP4,MTR4,MPP10,MAK11,CTK1,RPF2,EMG1,BUD22,ECM16,RRP5,TMA23,HAS1,RLP7,NOP15,SQS1,RPA49,DBP6,NOG2,RCL1,BRX1,UTP23,BUD21,PNO1,YTM1,RPA43,NOP4,NOG1,NOP53,RKM1,RRP9,RPO26	NA	NA	NA	NA	NA	NA	NA	NA	NA	NA
Component	GO:0005739	mitochondrion	2819	658	NA	NA	NA	NA	NA	NA	NA	NA	NA	NA	NA	NA	NA	NA	NA	NA	NA	NA	NA	NA	260	129	6.29e-16	Q0045,Q0250,YBL015W,YBL030C,YBL045C,YBL064C,YBL099W,YBR039W,YBR072W,YBR081C,YBR269C,YCL033C,YCR012W,YCR083W,YDL004W,YDL174C,YDL181W,YDL182W,YDR148C,YDR234W,YDR258C,YDR298C,YDR322C-A,YDR377W,YDR494W,YDR511W,YDR513W,YDR529C,YEL020W-A,YEL024W,YER020W,YER050C,YER053C,YER061C,YER182W,YFL018C,YFL030W,YFL046W,YFR033C,YFR049W,YFR053C,YGL020C,YGL107C,YGL143C,YGL187C,YGL191W,YGL256W,YGR084C,YGR088W,YGR220C,YGR234W,YGR244C,YGR254W,YHL021C,YHR008C,YHR051W,YHR179W,YIL047C,YIL087C,YIL098C,YIL125W,YIL136W,YIL155C,YIL160C,YJL052W,YJL171C,YJR009C,YJR019C,YJR048W,YJR077C,YJR104C,YJR121W,YKL016C,YKL067W,YKL085W,YKL087C,YKL148C,YKL150W,YKL192C,YKR049C,YKR066C,YKR079C,YKR085C,YLL001W,YLL009C,YLL041C,YLR038C,YLR270W,YLR304C,YLR327C,YLR395C,YML081C-A,YML120C,YML128C,YMR056C,YMR145C,YMR193W,YMR225C,YMR244C-A,YMR286W,YNL026W,YNL036W,YNL037C,YNL052W,YNL055C,YNL169C,YNL208W,YNL274C,YNL315C,YNR001C,YNR040W,YNR055C,YOL077W-A,YOR065W,YOR136W,YOR187W,YOR215C,YOR227W,YOR354C,YOR374W,YPL078C,YPL118W,YPL134C,YPL186C,YPL215W,YPL262W,YPL271W,YPR184W,YPR191W	COX1,COX2,ACH1,PET9,COR1,PRX1,ATP1,ATP3,HSP26,SPT7,SDH8,MXR2,PGK1,TRX3,ATP16,DLD1,INH1,LYS20,KGD2,LYS4,HSP78,ATP5,TIM11,ATP17,RSM28,SDH7,GRX2,QCR7,TIM9,RIP1,GPA2,RSM18,PIC2,CEM1,FMP10,LPD1,AGX1,FMP32,QCR6,YMR31,HXK1,GET1,RMD9,MRF1,COX4,COX13,ADH4,MRP13,CTT1,MRPL9,YHB1,LSC2,ENO1,AIM17,SOD2,COX6,OYE2,SYG1,AIM19,FMC1,KGD1,OM45,GUT2,POT1,TDH1,TOH1,TDH2,TES1,CYC1,MIR1,SOD1,ATP2,ATP7,YNK1,MDH1,CYT2,SDH1,MCR1,ACP1,FMP46,CCP1,TRZ1,MRPL20,DNM1,COX17,SDH2,COX12,DCS1,ACO1,TMA10,COX8,ATP18,NDI1,MSC1,AAC1,NDE1,MRPL24,MRPL44,COA6,MRPL33,SAM50,NCE103,IDH1,COX5A,POR1,PSD1,YNL208W,GOR1,ATP11,CIT1,YNR040W,HOL1,ATP19,CYT1,IDH2,TUF1,AIM41,HER1,MSC6,ALD4,ATP4,MRP51,ODC1,UIP4,CBP3,FUM1,ATP15,GDB1,QCR2	NA	NA	NA	NA	NA
Component	GO:0005740	mitochondrial envelope	2819	246	NA	NA	NA	NA	NA	NA	NA	NA	NA	NA	NA	NA	NA	NA	NA	NA	NA	NA	NA	NA	260	59	9.83e-9	Q0045,Q0250,YBL030C,YBL045C,YBL099W,YBR039W,YDL004W,YDL174C,YDR298C,YDR322C-A,YDR377W,YDR511W,YDR529C,YEL020W-A,YEL024W,YER053C,YER182W,YFR033C,YGL107C,YGL187C,YGL191W,YHR051W,YIL087C,YIL136W,YIL155C,YIL160C,YJR048W,YJR077C,YJR104C,YJR121W,YKL016C,YKL067W,YKL087C,YKL148C,YKL150W,YKR066C,YLL001W,YLL009C,YLL041C,YLR038C,YLR395C,YML081C-A,YML120C,YMR056C,YMR145C,YMR244C-A,YNL026W,YNL036W,YNL052W,YNL055C,YNL169C,YOL077W-A,YOR065W,YPL078C,YPL134C,YPL186C,YPL215W,YPL271W,YPR191W	COX1,COX2,PET9,COR1,ATP1,ATP3,ATP16,DLD1,ATP5,TIM11,ATP17,SDH7,QCR7,TIM9,RIP1,PIC2,FMP10,QCR6,RMD9,COX4,COX13,COX6,AIM19,OM45,GUT2,POT1,CYC1,MIR1,SOD1,ATP2,ATP7,YNK1,CYT2,SDH1,MCR1,CCP1,DNM1,COX17,SDH2,COX12,COX8,ATP18,NDI1,AAC1,NDE1,COA6,SAM50,NCE103,COX5A,POR1,PSD1,ATP19,CYT1,ATP4,ODC1,UIP4,CBP3,ATP15,QCR2	NA	NA	NA	NA	NA
Component	GO:0005743	mitochondrial inner membrane	2819	129	NA	NA	NA	NA	NA	NA	NA	NA	NA	NA	NA	NA	NA	NA	NA	NA	NA	NA	NA	NA	260	40	2.67e-8	Q0045,Q0250,YBL030C,YBL045C,YBL099W,YBR039W,YDL004W,YDL174C,YDR298C,YDR322C-A,YDR377W,YDR529C,YEL020W-A,YEL024W,YER053C,YFR033C,YGL107C,YGL187C,YGL191W,YHR051W,YIL155C,YJR077C,YJR121W,YKL016C,YKL087C,YKL148C,YLL041C,YLR038C,YLR395C,YML081C-A,YML120C,YMR056C,YNL052W,YNL169C,YOL077W-A,YOR065W,YPL078C,YPL134C,YPL271W,YPR191W	COX1,COX2,PET9,COR1,ATP1,ATP3,ATP16,DLD1,ATP5,TIM11,ATP17,QCR7,TIM9,RIP1,PIC2,QCR6,RMD9,COX4,COX13,COX6,GUT2,MIR1,ATP2,ATP7,CYT2,SDH1,SDH2,COX12,COX8,ATP18,NDI1,AAC1,COX5A,PSD1,ATP19,CYT1,ATP4,ODC1,ATP15,QCR2	NA	NA	NA	NA	NA
Component	GO:0070469	respirasome	2819	27	NA	NA	NA	NA	NA	NA	NA	NA	NA	NA	NA	NA	NA	NA	NA	NA	NA	NA	NA	NA	260	18	2.49e-7	Q0045,Q0250,YBL045C,YDR529C,YEL024W,YFR033C,YGL187C,YGL191W,YHR051W,YJR048W,YKL148C,YKL192C,YLL041C,YLR038C,YLR395C,YNL052W,YOR065W,YPR191W	COX1,COX2,COR1,QCR7,RIP1,QCR6,COX4,COX13,COX6,CYC1,SDH1,ACP1,SDH2,COX12,COX8,COX5A,CYT1,QCR2	NA	NA	NA	NA	NA
Component	GO:0098803	respiratory chain complex	2819	22	NA	NA	NA	NA	NA	NA	NA	NA	NA	NA	NA	NA	NA	NA	NA	NA	NA	NA	NA	NA	260	16	6.6e-7	Q0045,Q0250,YBL045C,YDR529C,YEL024W,YFR033C,YGL187C,YGL191W,YHR051W,YKL148C,YLL041C,YLR038C,YLR395C,YNL052W,YOR065W,YPR191W	COX1,COX2,COR1,QCR7,RIP1,QCR6,COX4,COX13,COX6,SDH1,SDH2,COX12,COX8,COX5A,CYT1,QCR2	NA	NA	NA	NA	NA
Component	GO:0031966	mitochondrial membrane	2819	215	NA	NA	NA	NA	NA	NA	NA	NA	NA	NA	NA	NA	NA	NA	NA	NA	NA	NA	NA	NA	260	49	9.77e-7	Q0045,Q0250,YBL030C,YBL045C,YBL099W,YBR039W,YDL004W,YDL174C,YDR298C,YDR322C-A,YDR377W,YDR529C,YEL020W-A,YEL024W,YER053C,YER182W,YFR033C,YGL107C,YGL187C,YGL191W,YHR051W,YIL087C,YIL136W,YIL155C,YJR077C,YJR121W,YKL016C,YKL087C,YKL148C,YKL150W,YLL001W,YLL041C,YLR038C,YLR395C,YML081C-A,YML120C,YMR056C,YNL026W,YNL052W,YNL055C,YNL169C,YOL077W-A,YOR065W,YPL078C,YPL134C,YPL186C,YPL215W,YPL271W,YPR191W	COX1,COX2,PET9,COR1,ATP1,ATP3,ATP16,DLD1,ATP5,TIM11,ATP17,QCR7,TIM9,RIP1,PIC2,FMP10,QCR6,RMD9,COX4,COX13,COX6,AIM19,OM45,GUT2,MIR1,ATP2,ATP7,CYT2,SDH1,MCR1,DNM1,SDH2,COX12,COX8,ATP18,NDI1,AAC1,SAM50,COX5A,POR1,PSD1,ATP19,CYT1,ATP4,ODC1,UIP4,CBP3,ATP15,QCR2	NA	NA	NA	NA	NA
Component	GO:0005746	mitochondrial respirasome	2819	24	NA	NA	NA	NA	NA	NA	NA	NA	NA	NA	NA	NA	NA	NA	NA	NA	NA	NA	NA	NA	260	16	1.28e-6	Q0045,Q0250,YBL045C,YDR529C,YEL024W,YFR033C,YGL187C,YGL191W,YHR051W,YKL148C,YLL041C,YLR038C,YLR395C,YNL052W,YOR065W,YPR191W	COX1,COX2,COR1,QCR7,RIP1,QCR6,COX4,COX13,COX6,SDH1,SDH2,COX12,COX8,COX5A,CYT1,QCR2	NA	NA	NA	NA	NA
Component	GO:0070069	cytochrome complex	2819	19	NA	NA	NA	NA	NA	NA	NA	NA	NA	NA	NA	NA	NA	NA	NA	NA	NA	NA	NA	NA	260	14	3.32e-6	Q0045,Q0250,YBL045C,YDR529C,YEL024W,YFR033C,YGL187C,YGL191W,YHR051W,YLR038C,YLR395C,YNL052W,YOR065W,YPR191W	COX1,COX2,COR1,QCR7,RIP1,QCR6,COX4,COX13,COX6,COX12,COX8,COX5A,CYT1,QCR2	NA	NA	NA	NA	NA
Component	GO:0031967	organelle envelope	2819	326	NA	NA	NA	NA	NA	NA	NA	NA	NA	NA	NA	NA	NA	NA	NA	NA	NA	NA	NA	NA	260	62	3.32e-6	Q0045,Q0250,YAR042W,YBL030C,YBL045C,YBL099W,YBR039W,YDL004W,YDL174C,YDR298C,YDR322C-A,YDR377W,YDR511W,YDR529C,YEL020W-A,YEL024W,YER053C,YER182W,YFR033C,YGL107C,YGL187C,YGL191W,YHR051W,YIL087C,YIL136W,YIL155C,YIL160C,YJR048W,YJR077C,YJR104C,YJR121W,YKL016C,YKL067W,YKL087C,YKL148C,YKL150W,YKR066C,YLL001W,YLL009C,YLL041C,YLR018C,YLR038C,YLR395C,YML075C,YML081C-A,YML120C,YMR056C,YMR145C,YMR244C-A,YNL026W,YNL036W,YNL052W,YNL055C,YNL169C,YOL077W-A,YOR065W,YPL078C,YPL134C,YPL186C,YPL215W,YPL271W,YPR191W	COX1,COX2,SWH1,PET9,COR1,ATP1,ATP3,ATP16,DLD1,ATP5,TIM11,ATP17,SDH7,QCR7,TIM9,RIP1,PIC2,FMP10,QCR6,RMD9,COX4,COX13,COX6,AIM19,OM45,GUT2,POT1,CYC1,MIR1,SOD1,ATP2,ATP7,YNK1,CYT2,SDH1,MCR1,CCP1,DNM1,COX17,SDH2,POM34,COX12,COX8,HMG1,ATP18,NDI1,AAC1,NDE1,COA6,SAM50,NCE103,COX5A,POR1,PSD1,ATP19,CYT1,ATP4,ODC1,UIP4,CBP3,ATP15,QCR2	NA	NA	NA	NA	NA
Component	GO:0005753	mitochondrial proton-transporting ATP synthase complex	2819	15	NA	NA	NA	NA	NA	NA	NA	NA	NA	NA	NA	NA	NA	NA	NA	NA	NA	NA	NA	NA	260	12	1.23e-5	YBL099W,YBR039W,YDL004W,YDR298C,YDR322C-A,YDR377W,YJR121W,YKL016C,YML081C-A,YOL077W-A,YPL078C,YPL271W	ATP1,ATP3,ATP16,ATP5,TIM11,ATP17,ATP2,ATP7,ATP18,ATP19,ATP4,ATP15	NA	NA	NA	NA	NA
Component	GO:1990204	oxidoreductase complex	2819	34	NA	NA	NA	NA	NA	NA	NA	NA	NA	NA	NA	NA	NA	NA	NA	NA	NA	NA	NA	NA	260	15	1.1e-4	YBL045C,YDR148C,YDR529C,YEL024W,YFL018C,YFR033C,YFR049W,YIL125W,YIL155C,YKL148C,YLL041C,YNL037C,YOR065W,YOR136W,YPR191W	COR1,KGD2,QCR7,RIP1,LPD1,QCR6,YMR31,KGD1,GUT2,SDH1,SDH2,IDH1,CYT1,IDH2,QCR2	NA	NA	NA	NA	NA
Component	GO:0005737	cytoplasm	2819	2349	NA	NA	NA	NA	NA	NA	NA	NA	NA	NA	NA	NA	NA	NA	NA	NA	NA	NA	NA	NA	260	242	1.1e-4	Q0045,Q0250,YAL013W,YAL014C,YAL060W,YAR042W,YBL015W,YBL030C,YBL045C,YBL064C,YBL078C,YBL099W,YBR039W,YBR072W,YBR081C,YBR095C,YBR117C,YBR169C,YBR269C,YCL033C,YCL035C,YCL040W,YCR012W,YCR021C,YCR083W,YCR092C,YDL004W,YDL174C,YDL181W,YDL182W,YDR001C,YDR129C,YDR148C,YDR182W,YDR216W,YDR234W,YDR258C,YDR295C,YDR298C,YDR300C,YDR322C-A,YDR377W,YDR380W,YDR453C,YDR494W,YDR511W,YDR513W,YDR525W-A,YDR529C,YDR533C,YDR539W,YEL020W-A,YEL021W,YEL024W,YEL060C,YER020W,YER050C,YER053C,YER061C,YER062C,YER067W,YER081W,YER101C,YER103W,YER182W,YFL014W,YFL018C,YFL030W,YFL046W,YFR014C,YFR018C,YFR033C,YFR040W,YFR047C,YFR049W,YFR053C,YGL001C,YGL020C,YGL061C,YGL062W,YGL065C,YGL107C,YGL143C,YGL156W,YGL187C,YGL191W,YGL255W,YGL256W,YGR019W,YGR043C,YGR084C,YGR088W,YGR205W,YGR220C,YGR234W,YGR244C,YGR254W,YGR256W,YHL021C,YHL025W,YHR008C,YHR043C,YHR051W,YHR087W,YHR137W,YHR138C,YHR179W,YHR215W,YIL047C,YIL087C,YIL098C,YIL125W,YIL136W,YIL155C,YIL156W-B,YIL160C,YIR034C,YIR035C,YJL012C,YJL052W,YJL083W,YJL146W,YJL153C,YJL171C,YJL217W,YJR008W,YJR009C,YJR019C,YJR048W,YJR077C,YJR104C,YJR121W,YJR130C,YKL016C,YKL067W,YKL085W,YKL086W,YKL087C,YKL103C,YKL148C,YKL150W,YKL192C,YKR049C,YKR066C,YKR067W,YKR079C,YKR085C,YLL001W,YLL009C,YLL026W,YLL038C,YLL041C,YLR038C,YLR045C,YLR233C,YLR270W,YLR304C,YLR327C,YLR332W,YLR395C,YLR396C,YLR410W,YLR438W,YML075C,YML081C-A,YML100W,YML120C,YML123C,YML128C,YMR008C,YMR056C,YMR090W,YMR105C,YMR114C,YMR145C,YMR169C,YMR173W,YMR193W,YMR198W,YMR225C,YMR244C-A,YMR261C,YMR286W,YMR297W,YMR303C,YNL015W,YNL026W,YNL036W,YNL037C,YNL052W,YNL055C,YNL117W,YNL134C,YNL163C,YNL169C,YNL202W,YNL208W,YNL217W,YNL259C,YNL274C,YNL297C,YNL315C,YNL323W,YNR001C,YNR019W,YNR033W,YNR034W-A,YNR040W,YNR055C,YOL055C,YOL077W-A,YOL154W,YOR014W,YOR065W,YOR119C,YOR120W,YOR136W,YOR173W,YOR187W,YOR215C,YOR227W,YOR299W,YOR320C,YOR354C,YOR374W,YPL019C,YPL078C,YPL100W,YPL111W,YPL118W,YPL134C,YPL186C,YPL214C,YPL215W,YPL262W,YPL271W,YPR010C-A,YPR017C,YPR127W,YPR160W,YPR184W,YPR191W	COX1,COX2,DEP1,SYN8,BDH1,SWH1,ACH1,PET9,COR1,PRX1,ATG8,ATP1,ATP3,HSP26,SPT7,RXT2,TKL2,SSE2,SDH8,MXR2,GRX1,GLK1,PGK1,HSP30,TRX3,MSH3,ATP16,DLD1,INH1,LYS20,NTH1,SAC6,KGD2,CDC1,ADR1,LYS4,HSP78,HDA2,ATP5,PRO1,TIM11,ATP17,ARO10,TSA2,RSM28,SDH7,GRX2,SNA2,QCR7,HSP31,FDC1,TIM9,URA3,RIP1,PRB1,GPA2,RSM18,PIC2,CEM1,GPP2,RGI1,SER3,AST2,SSA4,FMP10,HSP12,LPD1,AGX1,FMP32,CMK1,YFR018C,QCR6,SAP155,BNA6,YMR31,HXK1,ERG26,GET1,DUO1,PYC1,ALG2,RMD9,MRF1,AMS1,COX4,COX13,ZRT1,ADH4,UGA1,NQM1,MRP13,CTT1,TDA10,MRPL9,YHB1,LSC2,ENO1,GND2,AIM17,SNF6,SOD2,DOG2,COX6,RTC3,ARO9,YHR138C,OYE2,PHO12,SYG1,AIM19,FMC1,KGD1,OM45,GUT2,YIL156W-B,POT1,LYS1,YIR035C,VTC4,TDH1,TAX4,IDS2,INO1,TOH1,REE1,MHO1,TDH2,TES1,CYC1,MIR1,SOD1,ATP2,STR2,ATP7,YNK1,MDH1,SRX1,CYT2,APE1,SDH1,MCR1,ACP1,FMP46,CCP1,GPT2,TRZ1,MRPL20,DNM1,COX17,HSP104,ENT4,SDH2,COX12,STU2,EST1,DCS1,ACO1,TMA10,MID2,COX8,VPS33,VIP1,CAR2,HMG1,ATP18,TSL1,NDI1,PHO84,MSC1,PLB1,AAC1,YMR090W,PGM2,YMR114C,NDE1,ALD3,DDR48,MRPL24,CIK1,MRPL44,COA6,TPS3,MRPL33,PRC1,ADH2,PBI2,SAM50,NCE103,IDH1,COX5A,POR1,MLS1,YNL134C,RIA1,PSD1,SPS19,YNL208W,YNL217W,ATX1,GOR1,MON2,ATP11,LEM3,CIT1,ARE2,ABZ1,EGO4,YNR040W,HOL1,THI20,ATP19,ZPS1,RTS1,CYT1,RIO1,GCY1,IDH2,DCS2,TUF1,AIM41,HER1,BUD7,GNT1,MSC6,ALD4,VTC3,ATP4,ATG21,CAR1,MRP51,ODC1,UIP4,THI6,CBP3,FUM1,ATP15,YPR010C-A,DSS4,YPR127W,GPH1,GDB1,QCR2	NA	NA	NA	NA	NA
Component	GO:0005751	mitochondrial respiratory chain complex IV	2819	10	NA	NA	NA	NA	NA	NA	NA	NA	NA	NA	NA	NA	NA	NA	NA	NA	NA	NA	NA	NA	260	8	8.1e-4	Q0045,Q0250,YGL187C,YGL191W,YHR051W,YLR038C,YLR395C,YNL052W	COX1,COX2,COX4,COX13,COX6,COX12,COX8,COX5A	NA	NA	NA	NA	NA
Component	GO:0045239	tricarboxylic acid cycle enzyme complex	2819	7	NA	NA	NA	NA	NA	NA	NA	NA	NA	NA	NA	NA	NA	NA	NA	NA	NA	NA	NA	NA	260	7	8.4e-4	YDR148C,YFL018C,YFR049W,YIL125W,YNL037C,YOR136W,YPL262W	KGD2,LPD1,YMR31,KGD1,IDH1,IDH2,FUM1	NA	NA	NA	NA	NA
Component	GO:0030062	mitochondrial tricarboxylic acid cycle enzyme complex	2819	6	NA	NA	NA	NA	NA	NA	NA	NA	NA	NA	NA	NA	NA	NA	NA	NA	NA	NA	NA	NA	260	6	0.0028	YDR148C,YFL018C,YFR049W,YIL125W,YNL037C,YOR136W	KGD2,LPD1,YMR31,KGD1,IDH1,IDH2	NA	NA	NA	NA	NA
Component	GO:0005759	mitochondrial matrix	2819	163	NA	NA	NA	NA	NA	NA	NA	NA	NA	NA	NA	NA	NA	NA	NA	NA	NA	NA	NA	NA	260	31	0.0035	YBL099W,YBR269C,YDR148C,YDR258C,YDR494W,YDR511W,YER050C,YFL018C,YFR049W,YGR084C,YGR220C,YGR234W,YHR008C,YIL098C,YIL125W,YKL085W,YKR066C,YKR085C,YLR304C,YML120C,YMR193W,YMR225C,YMR286W,YNL037C,YNR001C,YOR136W,YOR354C,YOR374W,YPL118W,YPL215W,YPL262W	ATP1,SDH8,KGD2,HSP78,RSM28,SDH7,RSM18,LPD1,YMR31,MRP13,MRPL9,YHB1,SOD2,FMC1,KGD1,MDH1,CCP1,MRPL20,ACO1,NDI1,MRPL24,MRPL44,MRPL33,IDH1,CIT1,IDH2,MSC6,ALD4,MRP51,CBP3,FUM1	NA	NA	NA	NA	NA
Component	GO:0005758	mitochondrial intermembrane space	2819	51	NA	NA	NA	NA	NA	NA	NA	NA	NA	NA	NA	NA	NA	NA	NA	NA	NA	NA	NA	NA	260	15	0.0035	YDR511W,YEL020W-A,YFR033C,YIL160C,YJR048W,YJR104C,YKL067W,YKL087C,YKL150W,YKR066C,YLL009C,YLR038C,YMR145C,YMR244C-A,YNL036W	SDH7,TIM9,QCR6,POT1,CYC1,SOD1,YNK1,CYT2,MCR1,CCP1,COX17,COX12,NDE1,COA6,NCE103	NA	NA	NA	NA	NA
Component	GO:0000276	mitochondrial proton-transporting ATP synthase complex, coupling factor F(o)	2819	10	NA	NA	NA	NA	NA	NA	NA	NA	NA	NA	NA	NA	NA	NA	NA	NA	NA	NA	NA	NA	260	7	0.0035	YDR298C,YDR322C-A,YDR377W,YKL016C,YML081C-A,YOL077W-A,YPL078C	ATP5,TIM11,ATP17,ATP7,ATP18,ATP19,ATP4	NA	NA	NA	NA	NA
Component	GO:0098796	membrane protein complex	2819	200	NA	NA	NA	NA	NA	NA	NA	NA	NA	NA	NA	NA	NA	NA	NA	NA	NA	NA	NA	NA	260	35	0.005	Q0045,Q0250,YAL014C,YBL045C,YBL099W,YBR039W,YDL004W,YDR298C,YDR322C-A,YDR377W,YDR529C,YEL020W-A,YEL024W,YER020W,YFR033C,YGL187C,YGL191W,YGR032W,YHR051W,YJR121W,YKL016C,YKL148C,YLL041C,YLR038C,YLR395C,YLR396C,YML081C-A,YNL026W,YNL052W,YNL055C,YOL077W-A,YOR065W,YPL078C,YPL271W,YPR191W	COX1,COX2,SYN8,COR1,ATP1,ATP3,ATP16,ATP5,TIM11,ATP17,QCR7,TIM9,RIP1,GPA2,QCR6,COX4,COX13,GSC2,COX6,ATP2,ATP7,SDH1,SDH2,COX12,COX8,VPS33,ATP18,SAM50,COX5A,POR1,ATP19,CYT1,ATP4,ATP15,QCR2	NA	NA	NA	NA	NA
Component	GO:0031224	intrinsic component of membrane	2819	491	NA	NA	NA	NA	NA	NA	NA	NA	NA	NA	NA	NA	NA	NA	NA	NA	NA	NA	NA	NA	260	68	0.0056	Q0045,Q0250,YAL014C,YBL030C,YBL045C,YBL099W,YBR039W,YCR021C,YDL004W,YDR182W,YDR298C,YDR322C-A,YDR525W-A,YDR529C,YEL020W-A,YEL024W,YER053C,YER182W,YFL046W,YFR033C,YGL020C,YGL065C,YGL187C,YGL191W,YGL255W,YGR032W,YHR051W,YHR149C,YIL047C,YIL087C,YIL121W,YIL136W,YIL155C,YIR035C,YJL012C,YJL171C,YJR077C,YJR121W,YKL016C,YKL150W,YKR067W,YLR018C,YLR038C,YLR332W,YLR395C,YML075C,YML081C-A,YML123C,YMR008C,YMR056C,YNL026W,YNL052W,YNL055C,YNL169C,YNL323W,YNR019W,YNR055C,YOL077W-A,YOR065W,YOR320C,YPL019C,YPL058C,YPL078C,YPL134C,YPL215W,YPL271W,YPR010C-A,YPR191W	COX1,COX2,SYN8,PET9,COR1,ATP1,ATP3,HSP30,ATP16,CDC1,ATP5,TIM11,SNA2,QCR7,TIM9,RIP1,PIC2,FMP10,FMP32,QCR6,GET1,ALG2,COX4,COX13,ZRT1,GSC2,COX6,SKG6,SYG1,AIM19,QDR2,OM45,GUT2,YIR035C,VTC4,TOH1,MIR1,ATP2,ATP7,MCR1,GPT2,POM34,COX12,MID2,COX8,HMG1,ATP18,PHO84,PLB1,AAC1,SAM50,COX5A,POR1,PSD1,LEM3,ARE2,HOL1,ATP19,CYT1,GNT1,VTC3,PDR12,ATP4,ODC1,CBP3,ATP15,YPR010C-A,QCR2	NA	NA	NA	NA	NA
Component	GO:0016021	integral component of membrane	2819	474	NA	NA	NA	NA	NA	NA	NA	NA	NA	NA	NA	NA	NA	NA	NA	NA	NA	NA	NA	NA	260	66	0.0059	Q0045,Q0250,YAL014C,YBL030C,YBL045C,YBL099W,YBR039W,YCR021C,YDL004W,YDR182W,YDR298C,YDR322C-A,YDR525W-A,YDR529C,YEL020W-A,YEL024W,YER053C,YER182W,YFL046W,YFR033C,YGL020C,YGL065C,YGL187C,YGL191W,YGL255W,YGR032W,YHR051W,YHR149C,YIL047C,YIL087C,YIL121W,YIL136W,YIL155C,YIR035C,YJL012C,YJR077C,YJR121W,YKL016C,YKL150W,YKR067W,YLR018C,YLR038C,YLR332W,YLR395C,YML075C,YML081C-A,YML123C,YMR056C,YNL026W,YNL052W,YNL055C,YNL169C,YNL323W,YNR019W,YNR055C,YOL077W-A,YOR065W,YOR320C,YPL019C,YPL058C,YPL078C,YPL134C,YPL215W,YPL271W,YPR010C-A,YPR191W	COX1,COX2,SYN8,PET9,COR1,ATP1,ATP3,HSP30,ATP16,CDC1,ATP5,TIM11,SNA2,QCR7,TIM9,RIP1,PIC2,FMP10,FMP32,QCR6,GET1,ALG2,COX4,COX13,ZRT1,GSC2,COX6,SKG6,SYG1,AIM19,QDR2,OM45,GUT2,YIR035C,VTC4,MIR1,ATP2,ATP7,MCR1,GPT2,POM34,COX12,MID2,COX8,HMG1,ATP18,PHO84,AAC1,SAM50,COX5A,POR1,PSD1,LEM3,ARE2,HOL1,ATP19,CYT1,GNT1,VTC3,PDR12,ATP4,ODC1,CBP3,ATP15,YPR010C-A,QCR2	NA	NA	NA	NA	NA
Component	GO:0000275	mitochondrial proton-transporting ATP synthase complex, catalytic core F(1)	2819	5	NA	NA	NA	NA	NA	NA	NA	NA	NA	NA	NA	NA	NA	NA	NA	NA	NA	NA	NA	NA	260	5	0.0072	YBL099W,YBR039W,YDL004W,YJR121W,YPL271W	ATP1,ATP3,ATP16,ATP2,ATP15	NA	NA	NA	NA	NA
Component	GO:0005750	mitochondrial respiratory chain complex III	2819	9	NA	NA	NA	NA	NA	NA	NA	NA	NA	NA	NA	NA	NA	NA	NA	NA	NA	NA	NA	NA	260	6	0.0082	YBL045C,YDR529C,YEL024W,YFR033C,YOR065W,YPR191W	COR1,QCR7,RIP1,QCR6,CYT1,QCR2	NA	NA	NA	NA	NA
Component	GO:0009353	mitochondrial oxoglutarate dehydrogenase complex	2819	4	NA	NA	NA	NA	NA	NA	NA	NA	NA	NA	NA	NA	NA	NA	NA	NA	NA	NA	NA	NA	260	4	0.0224	YDR148C,YFL018C,YFR049W,YIL125W	KGD2,LPD1,YMR31,KGD1	NA	NA	NA	NA	NA
Component	GO:0016020	membrane	2819	881	NA	NA	NA	NA	NA	NA	NA	NA	NA	NA	NA	NA	NA	NA	NA	NA	NA	NA	NA	NA	260	103	0.0297	Q0045,Q0250,YAL014C,YAR042W,YBL030C,YBL045C,YBL078C,YBL099W,YBR039W,YCL040W,YCR012W,YCR021C,YDL004W,YDL174C,YDR129C,YDR182W,YDR298C,YDR322C-A,YDR377W,YDR525W-A,YDR529C,YEL020W-A,YEL024W,YER020W,YER053C,YER067W,YER182W,YFL014W,YFL046W,YFR033C,YGL001C,YGL020C,YGL065C,YGL107C,YGL156W,YGL187C,YGL191W,YGL255W,YGR032W,YGR254W,YGR256W,YHR051W,YHR149C,YIL047C,YIL087C,YIL121W,YIL136W,YIL155C,YIR035C,YJL012C,YJL052W,YJL171C,YJR009C,YJR048W,YJR077C,YJR121W,YKL016C,YKL087C,YKL148C,YKL150W,YKL192C,YKR046C,YKR067W,YLL001W,YLL041C,YLR018C,YLR038C,YLR332W,YLR395C,YLR396C,YML075C,YML081C-A,YML120C,YML123C,YML128C,YMR008C,YMR056C,YMR244C-A,YNL026W,YNL052W,YNL055C,YNL169C,YNL208W,YNL217W,YNL297C,YNL323W,YNR019W,YNR055C,YOL077W-A,YOR065W,YOR299W,YOR320C,YPL019C,YPL058C,YPL078C,YPL100W,YPL134C,YPL186C,YPL215W,YPL271W,YPR010C-A,YPR017C,YPR191W	COX1,COX2,SYN8,SWH1,PET9,COR1,ATG8,ATP1,ATP3,GLK1,PGK1,HSP30,ATP16,DLD1,SAC6,CDC1,ATP5,TIM11,ATP17,SNA2,QCR7,TIM9,RIP1,GPA2,PIC2,RGI1,FMP10,HSP12,FMP32,QCR6,ERG26,GET1,ALG2,RMD9,AMS1,COX4,COX13,ZRT1,GSC2,ENO1,GND2,COX6,SKG6,SYG1,AIM19,QDR2,OM45,GUT2,YIR035C,VTC4,TDH1,TOH1,TDH2,CYC1,MIR1,ATP2,ATP7,CYT2,SDH1,MCR1,ACP1,PET10,GPT2,DNM1,SDH2,POM34,COX12,MID2,COX8,VPS33,HMG1,ATP18,NDI1,PHO84,MSC1,PLB1,AAC1,COA6,SAM50,COX5A,POR1,PSD1,YNL208W,YNL217W,MON2,LEM3,ARE2,HOL1,ATP19,CYT1,BUD7,GNT1,VTC3,PDR12,ATP4,ATG21,ODC1,UIP4,CBP3,ATP15,YPR010C-A,DSS4,QCR2	NA	NA	NA	NA	NA
Process	GO:0006091	generation of precursor metabolites and energy	2819	153	NA	NA	NA	NA	NA	NA	NA	NA	NA	NA	NA	NA	NA	NA	NA	NA	NA	NA	NA	NA	260	54	1.27e-12	Q0045,Q0250,YBL030C,YBL045C,YBR117C,YCL035C,YCL040W,YCR012W,YDR148C,YDR513W,YDR529C,YEL024W,YER067W,YER174C,YFL018C,YFR033C,YFR049W,YFR053C,YGL107C,YGL187C,YGL191W,YGL256W,YGR043C,YGR244C,YGR254W,YGR256W,YHR051W,YIL125W,YIR034C,YJL052W,YJR009C,YJR048W,YKL085W,YKL148C,YKR046C,YLL041C,YLR038C,YLR304C,YLR395C,YML120C,YMR056C,YMR105C,YMR145C,YNL037C,YNL052W,YNL117W,YNR001C,YOR065W,YOR136W,YOR374W,YPL262W,YPR160W,YPR184W,YPR191W	COX1,COX2,PET9,COR1,TKL2,GRX1,GLK1,PGK1,KGD2,GRX2,QCR7,RIP1,RGI1,GRX4,LPD1,QCR6,YMR31,HXK1,RMD9,COX4,COX13,ADH4,NQM1,LSC2,ENO1,GND2,COX6,KGD1,LYS1,TDH1,TDH2,CYC1,MDH1,SDH1,PET10,SDH2,COX12,ACO1,COX8,NDI1,AAC1,PGM2,NDE1,IDH1,COX5A,MLS1,CIT1,CYT1,IDH2,ALD4,FUM1,GPH1,GDB1,QCR2	NA	NA	NA	NA	NA
Process	GO:0046034	ATP metabolic process	2819	69	NA	NA	NA	NA	NA	NA	NA	NA	NA	NA	NA	NA	NA	NA	NA	NA	NA	NA	NA	NA	260	36	6.02e-12	Q0045,Q0250,YBL045C,YBL099W,YBR039W,YCL040W,YCR012W,YDL004W,YDR298C,YDR322C-A,YDR377W,YDR529C,YEL024W,YFR033C,YFR053C,YGL187C,YGL191W,YGR254W,YHR051W,YJL052W,YJR009C,YJR048W,YJR121W,YKL016C,YKL148C,YLR038C,YLR395C,YML081C-A,YML120C,YMR145C,YNL052W,YOL077W-A,YOR065W,YPL078C,YPL271W,YPR191W	COX1,COX2,COR1,ATP1,ATP3,GLK1,PGK1,ATP16,ATP5,TIM11,ATP17,QCR7,RIP1,QCR6,HXK1,COX4,COX13,ENO1,COX6,TDH1,TDH2,CYC1,ATP2,ATP7,SDH1,COX12,COX8,ATP18,NDI1,NDE1,COX5A,ATP19,CYT1,ATP4,ATP15,QCR2	NA	NA	NA	NA	NA
Process	GO:0009205	purine ribonucleoside triphosphate metabolic process	2819	73	NA	NA	NA	NA	NA	NA	NA	NA	NA	NA	NA	NA	NA	NA	NA	NA	NA	NA	NA	NA	260	37	6.02e-12	Q0045,Q0250,YBL045C,YBL099W,YBR039W,YCL040W,YCR012W,YDL004W,YDR298C,YDR322C-A,YDR377W,YDR529C,YEL024W,YFR033C,YFR053C,YGL187C,YGL191W,YGR254W,YHR051W,YJL052W,YJR009C,YJR048W,YJR121W,YKL016C,YKL067W,YKL148C,YLR038C,YLR395C,YML081C-A,YML120C,YMR145C,YNL052W,YOL077W-A,YOR065W,YPL078C,YPL271W,YPR191W	COX1,COX2,COR1,ATP1,ATP3,GLK1,PGK1,ATP16,ATP5,TIM11,ATP17,QCR7,RIP1,QCR6,HXK1,COX4,COX13,ENO1,COX6,TDH1,TDH2,CYC1,ATP2,ATP7,YNK1,SDH1,COX12,COX8,ATP18,NDI1,NDE1,COX5A,ATP19,CYT1,ATP4,ATP15,QCR2	NA	NA	NA	NA	NA
Process	GO:0009150	purine ribonucleotide metabolic process	2819	118	NA	NA	NA	NA	NA	NA	NA	NA	NA	NA	NA	NA	NA	NA	NA	NA	NA	NA	NA	NA	260	43	1.8e-10	Q0045,Q0250,YBL015W,YBL045C,YBL099W,YBR039W,YCL040W,YCR012W,YDL004W,YDR148C,YDR298C,YDR322C-A,YDR377W,YDR529C,YEL024W,YFR033C,YFR053C,YGL187C,YGL191W,YGR244C,YGR254W,YHR051W,YJL052W,YJR009C,YJR019C,YJR048W,YJR121W,YKL016C,YKL067W,YKL148C,YLR038C,YLR395C,YML075C,YML081C-A,YML120C,YMR145C,YNL052W,YNR001C,YOL077W-A,YOR065W,YPL078C,YPL271W,YPR191W	COX1,COX2,ACH1,COR1,ATP1,ATP3,GLK1,PGK1,ATP16,KGD2,ATP5,TIM11,ATP17,QCR7,RIP1,QCR6,HXK1,COX4,COX13,LSC2,ENO1,COX6,TDH1,TDH2,TES1,CYC1,ATP2,ATP7,YNK1,SDH1,COX12,COX8,HMG1,ATP18,NDI1,NDE1,COX5A,CIT1,ATP19,CYT1,ATP4,ATP15,QCR2	NA	NA	NA	NA	NA
Process	GO:0015980	energy derivation by oxidation of organic compounds	2819	92	NA	NA	NA	NA	NA	NA	NA	NA	NA	NA	NA	NA	NA	NA	NA	NA	NA	NA	NA	NA	260	38	1.88e-10	Q0045,Q0250,YBL030C,YBL045C,YDR148C,YDR529C,YEL024W,YER067W,YFR033C,YFR049W,YGL107C,YGL187C,YGL191W,YGL256W,YGR244C,YHR051W,YIL125W,YJR048W,YKL085W,YKL148C,YKR046C,YLL041C,YLR304C,YLR395C,YML120C,YMR056C,YMR105C,YMR145C,YNL037C,YNL052W,YNL117W,YNR001C,YOR065W,YOR136W,YPL262W,YPR160W,YPR184W,YPR191W	COX1,COX2,PET9,COR1,KGD2,QCR7,RIP1,RGI1,QCR6,YMR31,RMD9,COX4,COX13,ADH4,LSC2,COX6,KGD1,CYC1,MDH1,SDH1,PET10,SDH2,ACO1,COX8,NDI1,AAC1,PGM2,NDE1,IDH1,COX5A,MLS1,CIT1,CYT1,IDH2,FUM1,GPH1,GDB1,QCR2	NA	NA	NA	NA	NA
Process	GO:0009259	ribonucleotide metabolic process	2819	132	NA	NA	NA	NA	NA	NA	NA	NA	NA	NA	NA	NA	NA	NA	NA	NA	NA	NA	NA	NA	260	45	2.8e-10	Q0045,Q0250,YBL015W,YBL045C,YBL099W,YBR039W,YCL040W,YCR012W,YDL004W,YDR148C,YDR298C,YDR322C-A,YDR377W,YDR529C,YEL021W,YEL024W,YFR033C,YFR053C,YGL187C,YGL191W,YGR205W,YGR244C,YGR254W,YHR051W,YJL052W,YJR009C,YJR019C,YJR048W,YJR121W,YKL016C,YKL067W,YKL148C,YLR038C,YLR395C,YML075C,YML081C-A,YML120C,YMR145C,YNL052W,YNR001C,YOL077W-A,YOR065W,YPL078C,YPL271W,YPR191W	COX1,COX2,ACH1,COR1,ATP1,ATP3,GLK1,PGK1,ATP16,KGD2,ATP5,TIM11,ATP17,QCR7,URA3,RIP1,QCR6,HXK1,COX4,COX13,TDA10,LSC2,ENO1,COX6,TDH1,TDH2,TES1,CYC1,ATP2,ATP7,YNK1,SDH1,COX12,COX8,HMG1,ATP18,NDI1,NDE1,COX5A,CIT1,ATP19,CYT1,ATP4,ATP15,QCR2	NA	NA	NA	NA	NA
Process	GO:0045333	cellular respiration	2819	66	NA	NA	NA	NA	NA	NA	NA	NA	NA	NA	NA	NA	NA	NA	NA	NA	NA	NA	NA	NA	260	32	3.8e-10	Q0045,Q0250,YBL030C,YBL045C,YDR148C,YDR529C,YEL024W,YFR033C,YFR049W,YGL107C,YGL187C,YGL191W,YGR244C,YHR051W,YIL125W,YJR048W,YKL085W,YKL148C,YKR046C,YLL041C,YLR304C,YLR395C,YML120C,YMR056C,YNL037C,YNL052W,YNL117W,YNR001C,YOR065W,YOR136W,YPL262W,YPR191W	COX1,COX2,PET9,COR1,KGD2,QCR7,RIP1,QCR6,YMR31,RMD9,COX4,COX13,LSC2,COX6,KGD1,CYC1,MDH1,SDH1,PET10,SDH2,ACO1,COX8,NDI1,AAC1,IDH1,COX5A,MLS1,CIT1,CYT1,IDH2,FUM1,QCR2	NA	NA	NA	NA	NA
Process	GO:0019693	ribose phosphate metabolic process	2819	152	NA	NA	NA	NA	NA	NA	NA	NA	NA	NA	NA	NA	NA	NA	NA	NA	NA	NA	NA	NA	260	48	3.8e-10	Q0045,Q0250,YBL015W,YBL045C,YBL099W,YBR039W,YBR117C,YCL040W,YCR012W,YDL004W,YDR148C,YDR298C,YDR322C-A,YDR377W,YDR529C,YEL021W,YEL024W,YFR033C,YFR053C,YGL187C,YGL191W,YGR043C,YGR205W,YGR244C,YGR254W,YGR256W,YHR051W,YJL052W,YJR009C,YJR019C,YJR048W,YJR121W,YKL016C,YKL067W,YKL148C,YLR038C,YLR395C,YML075C,YML081C-A,YML120C,YMR145C,YNL052W,YNR001C,YOL077W-A,YOR065W,YPL078C,YPL271W,YPR191W	COX1,COX2,ACH1,COR1,ATP1,ATP3,TKL2,GLK1,PGK1,ATP16,KGD2,ATP5,TIM11,ATP17,QCR7,URA3,RIP1,QCR6,HXK1,COX4,COX13,NQM1,TDA10,LSC2,ENO1,GND2,COX6,TDH1,TDH2,TES1,CYC1,ATP2,ATP7,YNK1,SDH1,COX12,COX8,HMG1,ATP18,NDI1,NDE1,COX5A,CIT1,ATP19,CYT1,ATP4,ATP15,QCR2	NA	NA	NA	NA	NA
Process	GO:0009060	aerobic respiration	2819	60	NA	NA	NA	NA	NA	NA	NA	NA	NA	NA	NA	NA	NA	NA	NA	NA	NA	NA	NA	NA	260	30	9.25e-10	Q0045,Q0250,YBL030C,YBL045C,YDR148C,YDR529C,YEL024W,YFR033C,YFR049W,YGL107C,YGL187C,YGL191W,YGR244C,YHR051W,YIL125W,YJR048W,YKL085W,YKL148C,YKR046C,YLL041C,YLR304C,YLR395C,YMR056C,YNL037C,YNL052W,YNL117W,YNR001C,YOR136W,YPL262W,YPR191W	COX1,COX2,PET9,COR1,KGD2,QCR7,RIP1,QCR6,YMR31,RMD9,COX4,COX13,LSC2,COX6,KGD1,CYC1,MDH1,SDH1,PET10,SDH2,ACO1,COX8,AAC1,IDH1,COX5A,MLS1,CIT1,IDH2,FUM1,QCR2	NA	NA	NA	NA	NA
Process	GO:0072521	purine-containing compound metabolic process	2819	137	NA	NA	NA	NA	NA	NA	NA	NA	NA	NA	NA	NA	NA	NA	NA	NA	NA	NA	NA	NA	260	44	1.92e-9	Q0045,Q0250,YBL015W,YBL045C,YBL099W,YBR039W,YCL040W,YCR012W,YDL004W,YDR148C,YDR298C,YDR322C-A,YDR377W,YDR529C,YEL024W,YFR033C,YFR053C,YGL187C,YGL191W,YGR244C,YGR254W,YHR051W,YIR029W,YJL052W,YJR009C,YJR019C,YJR048W,YJR121W,YKL016C,YKL067W,YKL148C,YLR038C,YLR395C,YML075C,YML081C-A,YML120C,YMR145C,YNL052W,YNR001C,YOL077W-A,YOR065W,YPL078C,YPL271W,YPR191W	COX1,COX2,ACH1,COR1,ATP1,ATP3,GLK1,PGK1,ATP16,KGD2,ATP5,TIM11,ATP17,QCR7,RIP1,QCR6,HXK1,COX4,COX13,LSC2,ENO1,COX6,DAL2,TDH1,TDH2,TES1,CYC1,ATP2,ATP7,YNK1,SDH1,COX12,COX8,HMG1,ATP18,NDI1,NDE1,COX5A,CIT1,ATP19,CYT1,ATP4,ATP15,QCR2	NA	NA	NA	NA	NA
Process	GO:0009167	purine ribonucleoside monophosphate metabolic process	2819	93	NA	NA	NA	NA	NA	NA	NA	NA	NA	NA	NA	NA	NA	NA	NA	NA	NA	NA	NA	NA	260	36	2.19e-9	Q0045,Q0250,YBL045C,YBL099W,YBR039W,YCL040W,YCR012W,YDL004W,YDR298C,YDR322C-A,YDR377W,YDR529C,YEL024W,YFR033C,YFR053C,YGL187C,YGL191W,YGR254W,YHR051W,YJL052W,YJR009C,YJR048W,YJR121W,YKL016C,YKL148C,YLR038C,YLR395C,YML081C-A,YML120C,YMR145C,YNL052W,YOL077W-A,YOR065W,YPL078C,YPL271W,YPR191W	COX1,COX2,COR1,ATP1,ATP3,GLK1,PGK1,ATP16,ATP5,TIM11,ATP17,QCR7,RIP1,QCR6,HXK1,COX4,COX13,ENO1,COX6,TDH1,TDH2,CYC1,ATP2,ATP7,SDH1,COX12,COX8,ATP18,NDI1,NDE1,COX5A,ATP19,CYT1,ATP4,ATP15,QCR2	NA	NA	NA	NA	NA
Process	GO:0034220	ion transmembrane transport	2819	101	NA	NA	NA	NA	NA	NA	NA	NA	NA	NA	NA	NA	NA	NA	NA	NA	NA	NA	NA	NA	260	37	3.72e-9	Q0045,Q0250,YBL030C,YBL045C,YBL099W,YBR039W,YCR021C,YDL004W,YDR298C,YDR322C-A,YDR377W,YDR529C,YEL024W,YER053C,YFR033C,YGL187C,YGL191W,YGL255W,YHR051W,YIL121W,YJR077C,YJR121W,YKL016C,YLR038C,YLR395C,YML081C-A,YML123C,YMR056C,YNL052W,YNL055C,YNR055C,YOL077W-A,YOR065W,YPL078C,YPL134C,YPL271W,YPR191W	COX1,COX2,PET9,COR1,ATP1,ATP3,HSP30,ATP16,ATP5,TIM11,ATP17,QCR7,RIP1,PIC2,QCR6,COX4,COX13,ZRT1,COX6,QDR2,MIR1,ATP2,ATP7,COX12,COX8,ATP18,PHO84,AAC1,COX5A,POR1,HOL1,ATP19,CYT1,ATP4,ODC1,ATP15,QCR2	NA	NA	NA	NA	NA
Process	GO:0098660	inorganic ion transmembrane transport	2819	71	NA	NA	NA	NA	NA	NA	NA	NA	NA	NA	NA	NA	NA	NA	NA	NA	NA	NA	NA	NA	260	31	4.73e-9	Q0045,Q0250,YBL045C,YBL099W,YBR039W,YDL004W,YDR298C,YDR322C-A,YDR377W,YDR529C,YEL024W,YER053C,YFR033C,YGL187C,YGL191W,YGL255W,YHR051W,YIL121W,YJR077C,YJR121W,YKL016C,YLR038C,YLR395C,YML081C-A,YML123C,YNL052W,YOL077W-A,YOR065W,YPL078C,YPL271W,YPR191W	COX1,COX2,COR1,ATP1,ATP3,ATP16,ATP5,TIM11,ATP17,QCR7,RIP1,PIC2,QCR6,COX4,COX13,ZRT1,COX6,QDR2,MIR1,ATP2,ATP7,COX12,COX8,ATP18,PHO84,COX5A,ATP19,CYT1,ATP4,ATP15,QCR2	NA	NA	NA	NA	NA
Process	GO:0006812	cation transport	2819	92	NA	NA	NA	NA	NA	NA	NA	NA	NA	NA	NA	NA	NA	NA	NA	NA	NA	NA	NA	NA	260	35	5.17e-9	Q0045,Q0250,YBL030C,YBL045C,YBL099W,YBR039W,YDL004W,YDR298C,YDR322C-A,YDR377W,YDR529C,YEL024W,YER053C,YFR033C,YGL187C,YGL191W,YGL255W,YHR051W,YIL121W,YJR121W,YKL016C,YLL009C,YLR038C,YLR395C,YML081C-A,YML123C,YMR056C,YNL052W,YNL259C,YNR055C,YOL077W-A,YOR065W,YPL078C,YPL271W,YPR191W	COX1,COX2,PET9,COR1,ATP1,ATP3,ATP16,ATP5,TIM11,ATP17,QCR7,RIP1,PIC2,QCR6,COX4,COX13,ZRT1,COX6,QDR2,ATP2,ATP7,COX17,COX12,COX8,ATP18,PHO84,AAC1,COX5A,ATX1,HOL1,ATP19,CYT1,ATP4,ATP15,QCR2	NA	NA	NA	NA	NA
Process	GO:1902600	proton transmembrane transport	2819	53	NA	NA	NA	NA	NA	NA	NA	NA	NA	NA	NA	NA	NA	NA	NA	NA	NA	NA	NA	NA	260	27	5.54e-9	Q0045,Q0250,YBL045C,YBL099W,YBR039W,YDL004W,YDR298C,YDR322C-A,YDR377W,YDR529C,YEL024W,YFR033C,YGL187C,YGL191W,YHR051W,YJR121W,YKL016C,YLR038C,YLR395C,YML081C-A,YML123C,YNL052W,YOL077W-A,YOR065W,YPL078C,YPL271W,YPR191W	COX1,COX2,COR1,ATP1,ATP3,ATP16,ATP5,TIM11,ATP17,QCR7,RIP1,QCR6,COX4,COX13,COX6,ATP2,ATP7,COX12,COX8,ATP18,PHO84,COX5A,ATP19,CYT1,ATP4,ATP15,QCR2	NA	NA	NA	NA	NA
Process	GO:0015672	monovalent inorganic cation transport	2819	58	NA	NA	NA	NA	NA	NA	NA	NA	NA	NA	NA	NA	NA	NA	NA	NA	NA	NA	NA	NA	260	28	5.97e-9	Q0045,Q0250,YBL045C,YBL099W,YBR039W,YDL004W,YDR298C,YDR322C-A,YDR377W,YDR529C,YEL024W,YFR033C,YGL187C,YGL191W,YHR051W,YIL121W,YJR121W,YKL016C,YLR038C,YLR395C,YML081C-A,YML123C,YNL052W,YOL077W-A,YOR065W,YPL078C,YPL271W,YPR191W	COX1,COX2,COR1,ATP1,ATP3,ATP16,ATP5,TIM11,ATP17,QCR7,RIP1,QCR6,COX4,COX13,COX6,QDR2,ATP2,ATP7,COX12,COX8,ATP18,PHO84,COX5A,ATP19,CYT1,ATP4,ATP15,QCR2	NA	NA	NA	NA	NA
Process	GO:0009117	nucleotide metabolic process	2819	202	NA	NA	NA	NA	NA	NA	NA	NA	NA	NA	NA	NA	NA	NA	NA	NA	NA	NA	NA	NA	260	53	5.97e-9	Q0045,Q0250,YBL015W,YBL045C,YBL099W,YBR039W,YBR117C,YCL040W,YCR012W,YDL004W,YDR148C,YDR298C,YDR322C-A,YDR377W,YDR529C,YEL021W,YEL024W,YFR033C,YFR047C,YFR053C,YGL187C,YGL191W,YGR043C,YGR205W,YGR244C,YGR254W,YGR256W,YHR051W,YIL155C,YJL052W,YJR009C,YJR019C,YJR048W,YJR121W,YKL016C,YKL067W,YKL148C,YKR067W,YLR038C,YLR395C,YML075C,YML081C-A,YML120C,YMR145C,YMR303C,YNL052W,YNR001C,YOL077W-A,YOR065W,YOR374W,YPL078C,YPL271W,YPR191W	COX1,COX2,ACH1,COR1,ATP1,ATP3,TKL2,GLK1,PGK1,ATP16,KGD2,ATP5,TIM11,ATP17,QCR7,URA3,RIP1,QCR6,BNA6,HXK1,COX4,COX13,NQM1,TDA10,LSC2,ENO1,GND2,COX6,GUT2,TDH1,TDH2,TES1,CYC1,ATP2,ATP7,YNK1,SDH1,GPT2,COX12,COX8,HMG1,ATP18,NDI1,NDE1,ADH2,COX5A,CIT1,ATP19,CYT1,ALD4,ATP4,ATP15,QCR2	NA	NA	NA	NA	NA
Process	GO:0098662	inorganic cation transmembrane transport	2819	68	NA	NA	NA	NA	NA	NA	NA	NA	NA	NA	NA	NA	NA	NA	NA	NA	NA	NA	NA	NA	260	30	6.28e-9	Q0045,Q0250,YBL045C,YBL099W,YBR039W,YDL004W,YDR298C,YDR322C-A,YDR377W,YDR529C,YEL024W,YER053C,YFR033C,YGL187C,YGL191W,YGL255W,YHR051W,YIL121W,YJR121W,YKL016C,YLR038C,YLR395C,YML081C-A,YML123C,YNL052W,YOL077W-A,YOR065W,YPL078C,YPL271W,YPR191W	COX1,COX2,COR1,ATP1,ATP3,ATP16,ATP5,TIM11,ATP17,QCR7,RIP1,PIC2,QCR6,COX4,COX13,ZRT1,COX6,QDR2,ATP2,ATP7,COX12,COX8,ATP18,PHO84,COX5A,ATP19,CYT1,ATP4,ATP15,QCR2	NA	NA	NA	NA	NA
Process	GO:0009161	ribonucleoside monophosphate metabolic process	2819	110	NA	NA	NA	NA	NA	NA	NA	NA	NA	NA	NA	NA	NA	NA	NA	NA	NA	NA	NA	NA	260	38	6.28e-9	Q0045,Q0250,YBL045C,YBL099W,YBR039W,YCL040W,YCR012W,YDL004W,YDR298C,YDR322C-A,YDR377W,YDR529C,YEL021W,YEL024W,YFR033C,YFR053C,YGL187C,YGL191W,YGR205W,YGR254W,YHR051W,YJL052W,YJR009C,YJR048W,YJR121W,YKL016C,YKL148C,YLR038C,YLR395C,YML081C-A,YML120C,YMR145C,YNL052W,YOL077W-A,YOR065W,YPL078C,YPL271W,YPR191W	COX1,COX2,COR1,ATP1,ATP3,GLK1,PGK1,ATP16,ATP5,TIM11,ATP17,QCR7,URA3,RIP1,QCR6,HXK1,COX4,COX13,TDA10,ENO1,COX6,TDH1,TDH2,CYC1,ATP2,ATP7,SDH1,COX12,COX8,ATP18,NDI1,NDE1,COX5A,ATP19,CYT1,ATP4,ATP15,QCR2	NA	NA	NA	NA	NA
Process	GO:0019637	organophosphate metabolic process	2819	271	NA	NA	NA	NA	NA	NA	NA	NA	NA	NA	NA	NA	NA	NA	NA	NA	NA	NA	NA	NA	260	62	1.23e-8	Q0045,Q0250,YBL015W,YBL045C,YBL099W,YBR039W,YBR117C,YCL040W,YCR012W,YDL004W,YDR148C,YDR182W,YDR298C,YDR322C-A,YDR377W,YDR529C,YEL021W,YEL024W,YFR033C,YFR047C,YFR053C,YGL187C,YGL191W,YGR043C,YGR205W,YGR244C,YGR254W,YGR256W,YHR051W,YIL155C,YJL052W,YJL153C,YJR009C,YJR019C,YJR048W,YJR121W,YKL016C,YKL067W,YKL148C,YKL192C,YKR067W,YLR038C,YLR395C,YLR410W,YML075C,YML081C-A,YML120C,YMR008C,YMR105C,YMR145C,YMR303C,YNL052W,YNL169C,YNR001C,YOL055C,YOL077W-A,YOR065W,YOR374W,YPL078C,YPL214C,YPL271W,YPR191W	COX1,COX2,ACH1,COR1,ATP1,ATP3,TKL2,GLK1,PGK1,ATP16,KGD2,CDC1,ATP5,TIM11,ATP17,QCR7,URA3,RIP1,QCR6,BNA6,HXK1,COX4,COX13,NQM1,TDA10,LSC2,ENO1,GND2,COX6,GUT2,TDH1,INO1,TDH2,TES1,CYC1,ATP2,ATP7,YNK1,SDH1,ACP1,GPT2,COX12,COX8,VIP1,HMG1,ATP18,NDI1,PLB1,PGM2,NDE1,ADH2,COX5A,PSD1,CIT1,THI20,ATP19,CYT1,ALD4,ATP4,THI6,ATP15,QCR2	NA	NA	NA	NA	NA
Process	GO:0098655	cation transmembrane transport	2819	78	NA	NA	NA	NA	NA	NA	NA	NA	NA	NA	NA	NA	NA	NA	NA	NA	NA	NA	NA	NA	260	31	2.18e-8	Q0045,Q0250,YBL045C,YBL099W,YBR039W,YDL004W,YDR298C,YDR322C-A,YDR377W,YDR529C,YEL024W,YER053C,YFR033C,YGL187C,YGL191W,YGL255W,YHR051W,YIL121W,YJR121W,YKL016C,YLR038C,YLR395C,YML081C-A,YML123C,YNL052W,YNR055C,YOL077W-A,YOR065W,YPL078C,YPL271W,YPR191W	COX1,COX2,COR1,ATP1,ATP3,ATP16,ATP5,TIM11,ATP17,QCR7,RIP1,PIC2,QCR6,COX4,COX13,ZRT1,COX6,QDR2,ATP2,ATP7,COX12,COX8,ATP18,PHO84,COX5A,HOL1,ATP19,CYT1,ATP4,ATP15,QCR2	NA	NA	NA	NA	NA
Process	GO:0055086	nucleobase-containing small molecule metabolic process	2819	230	NA	NA	NA	NA	NA	NA	NA	NA	NA	NA	NA	NA	NA	NA	NA	NA	NA	NA	NA	NA	260	55	3.77e-8	Q0045,Q0250,YBL015W,YBL045C,YBL099W,YBR039W,YBR117C,YCL040W,YCR012W,YDL004W,YDR148C,YDR298C,YDR322C-A,YDR377W,YDR529C,YEL021W,YEL024W,YFR033C,YFR047C,YFR053C,YGL187C,YGL191W,YGR043C,YGR205W,YGR244C,YGR254W,YGR256W,YHR051W,YIL155C,YIR029W,YJL052W,YJR009C,YJR019C,YJR048W,YJR121W,YKL016C,YKL067W,YKL148C,YKR067W,YLR038C,YLR395C,YML075C,YML081C-A,YML120C,YMR105C,YMR145C,YMR303C,YNL052W,YNR001C,YOL077W-A,YOR065W,YOR374W,YPL078C,YPL271W,YPR191W	COX1,COX2,ACH1,COR1,ATP1,ATP3,TKL2,GLK1,PGK1,ATP16,KGD2,ATP5,TIM11,ATP17,QCR7,URA3,RIP1,QCR6,BNA6,HXK1,COX4,COX13,NQM1,TDA10,LSC2,ENO1,GND2,COX6,GUT2,DAL2,TDH1,TDH2,TES1,CYC1,ATP2,ATP7,YNK1,SDH1,GPT2,COX12,COX8,HMG1,ATP18,NDI1,PGM2,NDE1,ADH2,COX5A,CIT1,ATP19,CYT1,ALD4,ATP4,ATP15,QCR2	NA	NA	NA	NA	NA
Process	GO:0006811	ion transport	2819	143	NA	NA	NA	NA	NA	NA	NA	NA	NA	NA	NA	NA	NA	NA	NA	NA	NA	NA	NA	NA	260	40	2.85e-7	Q0045,Q0250,YBL030C,YBL045C,YBL099W,YBR039W,YCR021C,YDL004W,YDR298C,YDR322C-A,YDR377W,YDR529C,YEL024W,YER053C,YFR033C,YGL187C,YGL191W,YGL255W,YHR051W,YIL121W,YJR077C,YJR121W,YKL016C,YLL009C,YLR038C,YLR395C,YML081C-A,YML123C,YMR056C,YNL052W,YNL055C,YNL259C,YNL323W,YNR055C,YOL077W-A,YOR065W,YPL078C,YPL134C,YPL271W,YPR191W	COX1,COX2,PET9,COR1,ATP1,ATP3,HSP30,ATP16,ATP5,TIM11,ATP17,QCR7,RIP1,PIC2,QCR6,COX4,COX13,ZRT1,COX6,QDR2,MIR1,ATP2,ATP7,COX17,COX12,COX8,ATP18,PHO84,AAC1,COX5A,POR1,ATX1,LEM3,HOL1,ATP19,CYT1,ATP4,ODC1,ATP15,QCR2	NA	NA	NA	NA	NA
Process	GO:1901135	carbohydrate derivative metabolic process	2819	257	NA	NA	NA	NA	NA	NA	NA	NA	NA	NA	NA	NA	NA	NA	NA	NA	NA	NA	NA	NA	260	56	4.75e-7	Q0045,Q0250,YBL015W,YBL045C,YBL099W,YBR039W,YBR117C,YCL040W,YCR012W,YDL004W,YDR148C,YDR182W,YDR298C,YDR322C-A,YDR377W,YDR529C,YEL021W,YEL024W,YFR033C,YFR053C,YGL065C,YGL156W,YGL187C,YGL191W,YGR043C,YGR205W,YGR244C,YGR254W,YGR256W,YHR051W,YIL155C,YJL052W,YJR009C,YJR019C,YJR048W,YJR121W,YKL016C,YKL067W,YKL148C,YKL192C,YLR038C,YLR395C,YML075C,YML081C-A,YML120C,YMR105C,YMR145C,YNL052W,YNR001C,YOL077W-A,YOR065W,YOR299W,YOR320C,YPL078C,YPL271W,YPR191W	COX1,COX2,ACH1,COR1,ATP1,ATP3,TKL2,GLK1,PGK1,ATP16,KGD2,CDC1,ATP5,TIM11,ATP17,QCR7,URA3,RIP1,QCR6,HXK1,ALG2,AMS1,COX4,COX13,NQM1,TDA10,LSC2,ENO1,GND2,COX6,GUT2,TDH1,TDH2,TES1,CYC1,ATP2,ATP7,YNK1,SDH1,ACP1,COX12,COX8,HMG1,ATP18,NDI1,PGM2,NDE1,COX5A,CIT1,ATP19,CYT1,BUD7,GNT1,ATP4,ATP15,QCR2	NA	NA	NA	NA	NA
Process	GO:0006119	oxidative phosphorylation	2819	25	NA	NA	NA	NA	NA	NA	NA	NA	NA	NA	NA	NA	NA	NA	NA	NA	NA	NA	NA	NA	260	17	6.07e-7	Q0045,Q0250,YBL045C,YDR529C,YEL024W,YFR033C,YGL187C,YGL191W,YHR051W,YJR048W,YKL148C,YLR038C,YLR395C,YML120C,YNL052W,YOR065W,YPR191W	COX1,COX2,COR1,QCR7,RIP1,QCR6,COX4,COX13,COX6,CYC1,SDH1,COX12,COX8,NDI1,COX5A,CYT1,QCR2	NA	NA	NA	NA	NA
Process	GO:0016999	antibiotic metabolic process	2819	43	NA	NA	NA	NA	NA	NA	NA	NA	NA	NA	NA	NA	NA	NA	NA	NA	NA	NA	NA	NA	260	21	9.15e-7	YBL015W,YDR148C,YDR380W,YFL018C,YFR049W,YGR088W,YGR244C,YIL125W,YKL085W,YKL148C,YKR066C,YLL041C,YLR304C,YMR145C,YMR303C,YNL037C,YNL117W,YNR001C,YOR136W,YOR374W,YPL262W	ACH1,KGD2,ARO10,LPD1,YMR31,CTT1,LSC2,KGD1,MDH1,SDH1,CCP1,SDH2,ACO1,NDE1,ADH2,IDH1,MLS1,CIT1,IDH2,ALD4,FUM1	NA	NA	NA	NA	NA
Process	GO:0009206	purine ribonucleoside triphosphate biosynthetic process	2819	43	NA	NA	NA	NA	NA	NA	NA	NA	NA	NA	NA	NA	NA	NA	NA	NA	NA	NA	NA	NA	260	21	9.15e-7	YBL099W,YBR039W,YCL040W,YCR012W,YDL004W,YDR298C,YDR322C-A,YDR377W,YFR053C,YGL187C,YGR254W,YJL052W,YJR009C,YJR121W,YKL016C,YKL067W,YML081C-A,YOL077W-A,YOR065W,YPL078C,YPL271W	ATP1,ATP3,GLK1,PGK1,ATP16,ATP5,TIM11,ATP17,HXK1,COX4,ENO1,TDH1,TDH2,ATP2,ATP7,YNK1,ATP18,ATP19,CYT1,ATP4,ATP15	NA	NA	NA	NA	NA
Process	GO:0006754	ATP biosynthetic process	2819	39	NA	NA	NA	NA	NA	NA	NA	NA	NA	NA	NA	NA	NA	NA	NA	NA	NA	NA	NA	NA	260	20	9.96e-7	YBL099W,YBR039W,YCL040W,YCR012W,YDL004W,YDR298C,YDR322C-A,YDR377W,YFR053C,YGL187C,YGR254W,YJL052W,YJR009C,YJR121W,YKL016C,YML081C-A,YOL077W-A,YOR065W,YPL078C,YPL271W	ATP1,ATP3,GLK1,PGK1,ATP16,ATP5,TIM11,ATP17,HXK1,COX4,ENO1,TDH1,TDH2,ATP2,ATP7,ATP18,ATP19,CYT1,ATP4,ATP15	NA	NA	NA	NA	NA
Process	GO:0042775	mitochondrial ATP synthesis coupled electron transport	2819	24	NA	NA	NA	NA	NA	NA	NA	NA	NA	NA	NA	NA	NA	NA	NA	NA	NA	NA	NA	NA	260	16	1.78e-6	Q0045,Q0250,YBL045C,YDR529C,YEL024W,YFR033C,YGL187C,YGL191W,YHR051W,YJR048W,YKL148C,YLR395C,YML120C,YNL052W,YOR065W,YPR191W	COX1,COX2,COR1,QCR7,RIP1,QCR6,COX4,COX13,COX6,CYC1,SDH1,COX8,NDI1,COX5A,CYT1,QCR2	NA	NA	NA	NA	NA
Process	GO:0006793	phosphorus metabolic process	2819	431	NA	NA	NA	NA	NA	NA	NA	NA	NA	NA	NA	NA	NA	NA	NA	NA	NA	NA	NA	NA	260	76	1.96e-6	Q0045,Q0250,YBL015W,YBL045C,YBL099W,YBR039W,YBR093C,YBR117C,YCL040W,YCR012W,YDL004W,YDR148C,YDR182W,YDR298C,YDR300C,YDR322C-A,YDR377W,YDR529C,YEL021W,YEL024W,YER062C,YFR014C,YFR033C,YFR047C,YFR053C,YGL187C,YGL191W,YGR043C,YGR205W,YGR244C,YGR254W,YGR256W,YHR043C,YHR051W,YHR215W,YIL155C,YJL012C,YJL052W,YJL153C,YJR009C,YJR019C,YJR048W,YJR121W,YKL016C,YKL067W,YKL148C,YKL192C,YKR067W,YLR038C,YLR395C,YLR410W,YML075C,YML081C-A,YML100W,YML120C,YML123C,YMR008C,YMR105C,YMR145C,YMR261C,YMR303C,YNL052W,YNL169C,YNL217W,YNR001C,YOL055C,YOL077W-A,YOR014W,YOR065W,YOR119C,YOR374W,YPL019C,YPL078C,YPL214C,YPL271W,YPR191W	COX1,COX2,ACH1,COR1,ATP1,ATP3,PHO5,TKL2,GLK1,PGK1,ATP16,KGD2,CDC1,ATP5,PRO1,TIM11,ATP17,QCR7,URA3,RIP1,GPP2,CMK1,QCR6,BNA6,HXK1,COX4,COX13,NQM1,TDA10,LSC2,ENO1,GND2,DOG2,COX6,PHO12,GUT2,VTC4,TDH1,INO1,TDH2,TES1,CYC1,ATP2,ATP7,YNK1,SDH1,ACP1,GPT2,COX12,COX8,VIP1,HMG1,ATP18,TSL1,NDI1,PHO84,PLB1,PGM2,NDE1,TPS3,ADH2,COX5A,PSD1,YNL217W,CIT1,THI20,ATP19,RTS1,CYT1,RIO1,ALD4,VTC3,ATP4,THI6,ATP15,QCR2	NA	NA	NA	NA	NA
Process	GO:0022904	respiratory electron transport chain	2819	29	NA	NA	NA	NA	NA	NA	NA	NA	NA	NA	NA	NA	NA	NA	NA	NA	NA	NA	NA	NA	260	17	2.48e-6	Q0045,Q0250,YBL045C,YDR529C,YEL024W,YFR033C,YGL187C,YGL191W,YHR051W,YJR048W,YKL148C,YLL041C,YLR395C,YML120C,YNL052W,YOR065W,YPR191W	COX1,COX2,COR1,QCR7,RIP1,QCR6,COX4,COX13,COX6,CYC1,SDH1,SDH2,COX8,NDI1,COX5A,CYT1,QCR2	NA	NA	NA	NA	NA
Process	GO:0022900	electron transport chain	2819	52	NA	NA	NA	NA	NA	NA	NA	NA	NA	NA	NA	NA	NA	NA	NA	NA	NA	NA	NA	NA	260	22	2.53e-6	Q0045,Q0250,YBL045C,YCL035C,YDR513W,YDR529C,YEL024W,YER174C,YFL018C,YFR033C,YGL187C,YGL191W,YHR051W,YJR048W,YKL148C,YLL041C,YLR038C,YLR395C,YML120C,YNL052W,YOR065W,YPR191W	COX1,COX2,COR1,GRX1,GRX2,QCR7,RIP1,GRX4,LPD1,QCR6,COX4,COX13,COX6,CYC1,SDH1,SDH2,COX12,COX8,NDI1,COX5A,CYT1,QCR2	NA	NA	NA	NA	NA
Process	GO:0006796	phosphate-containing compound metabolic process	2819	418	NA	NA	NA	NA	NA	NA	NA	NA	NA	NA	NA	NA	NA	NA	NA	NA	NA	NA	NA	NA	260	74	2.53e-6	Q0045,Q0250,YBL015W,YBL045C,YBL099W,YBR039W,YBR093C,YBR117C,YCL040W,YCR012W,YDL004W,YDR148C,YDR182W,YDR298C,YDR300C,YDR322C-A,YDR377W,YDR529C,YEL021W,YEL024W,YER062C,YFR014C,YFR033C,YFR047C,YFR053C,YGL187C,YGL191W,YGR043C,YGR205W,YGR244C,YGR254W,YGR256W,YHR043C,YHR051W,YHR215W,YIL155C,YJL012C,YJL052W,YJL153C,YJR009C,YJR019C,YJR048W,YJR121W,YKL016C,YKL067W,YKL148C,YKL192C,YKR067W,YLR038C,YLR395C,YLR410W,YML075C,YML081C-A,YML100W,YML120C,YMR008C,YMR105C,YMR145C,YMR261C,YMR303C,YNL052W,YNL169C,YNL217W,YNR001C,YOL055C,YOL077W-A,YOR014W,YOR065W,YOR119C,YOR374W,YPL078C,YPL214C,YPL271W,YPR191W	COX1,COX2,ACH1,COR1,ATP1,ATP3,PHO5,TKL2,GLK1,PGK1,ATP16,KGD2,CDC1,ATP5,PRO1,TIM11,ATP17,QCR7,URA3,RIP1,GPP2,CMK1,QCR6,BNA6,HXK1,COX4,COX13,NQM1,TDA10,LSC2,ENO1,GND2,DOG2,COX6,PHO12,GUT2,VTC4,TDH1,INO1,TDH2,TES1,CYC1,ATP2,ATP7,YNK1,SDH1,ACP1,GPT2,COX12,COX8,VIP1,HMG1,ATP18,TSL1,NDI1,PLB1,PGM2,NDE1,TPS3,ADH2,COX5A,PSD1,YNL217W,CIT1,THI20,ATP19,RTS1,CYT1,RIO1,ALD4,ATP4,THI6,ATP15,QCR2	NA	NA	NA	NA	NA
Process	GO:0015986	ATP synthesis coupled proton transport	2819	18	NA	NA	NA	NA	NA	NA	NA	NA	NA	NA	NA	NA	NA	NA	NA	NA	NA	NA	NA	NA	260	14	2.83e-6	YBL099W,YBR039W,YDL004W,YDR298C,YDR322C-A,YDR377W,YGL187C,YJR121W,YKL016C,YML081C-A,YOL077W-A,YOR065W,YPL078C,YPL271W	ATP1,ATP3,ATP16,ATP5,TIM11,ATP17,COX4,ATP2,ATP7,ATP18,ATP19,CYT1,ATP4,ATP15	NA	NA	NA	NA	NA
Process	GO:0055085	transmembrane transport	2819	175	NA	NA	NA	NA	NA	NA	NA	NA	NA	NA	NA	NA	NA	NA	NA	NA	NA	NA	NA	NA	260	42	3.4e-6	Q0045,Q0250,YBL030C,YBL045C,YBL099W,YBR039W,YCL040W,YCR021C,YDL004W,YDR298C,YDR322C-A,YDR377W,YDR529C,YEL020W-A,YEL024W,YER053C,YER103W,YFR033C,YFR053C,YGL187C,YGL191W,YGL255W,YHR051W,YIL121W,YJR077C,YJR121W,YKL016C,YLR038C,YLR395C,YML081C-A,YML123C,YMR056C,YNL052W,YNL055C,YNR055C,YOL077W-A,YOR065W,YPL058C,YPL078C,YPL134C,YPL271W,YPR191W	COX1,COX2,PET9,COR1,ATP1,ATP3,GLK1,HSP30,ATP16,ATP5,TIM11,ATP17,QCR7,TIM9,RIP1,PIC2,SSA4,QCR6,HXK1,COX4,COX13,ZRT1,COX6,QDR2,MIR1,ATP2,ATP7,COX12,COX8,ATP18,PHO84,AAC1,COX5A,POR1,HOL1,ATP19,CYT1,PDR12,ATP4,ODC1,ATP15,QCR2	NA	NA	NA	NA	NA
Process	GO:0006101	citrate metabolic process	2819	23	NA	NA	NA	NA	NA	NA	NA	NA	NA	NA	NA	NA	NA	NA	NA	NA	NA	NA	NA	NA	260	13	1.1e-4	YDR148C,YFR049W,YGR244C,YIL125W,YKL085W,YKL148C,YLL041C,YLR304C,YNL037C,YNL117W,YNR001C,YOR136W,YPL262W	KGD2,YMR31,LSC2,KGD1,MDH1,SDH1,SDH2,ACO1,IDH1,MLS1,CIT1,IDH2,FUM1	NA	NA	NA	NA	NA
Process	GO:0006099	tricarboxylic acid cycle	2819	23	NA	NA	NA	NA	NA	NA	NA	NA	NA	NA	NA	NA	NA	NA	NA	NA	NA	NA	NA	NA	260	13	1.1e-4	YDR148C,YFR049W,YGR244C,YIL125W,YKL085W,YKL148C,YLL041C,YLR304C,YNL037C,YNL117W,YNR001C,YOR136W,YPL262W	KGD2,YMR31,LSC2,KGD1,MDH1,SDH1,SDH2,ACO1,IDH1,MLS1,CIT1,IDH2,FUM1	NA	NA	NA	NA	NA
Process	GO:0043436	oxoacid metabolic process	2819	309	NA	NA	NA	NA	NA	NA	NA	NA	NA	NA	NA	NA	NA	NA	NA	NA	NA	NA	NA	NA	260	55	1.5e-4	YBL015W,YCL040W,YCR012W,YDL174C,YDL182W,YDR148C,YDR234W,YDR300C,YDR380W,YDR511W,YDR533C,YDR539W,YER061C,YER081W,YFL018C,YFL030W,YFR047C,YFR049W,YFR053C,YGL062W,YGL256W,YGR019W,YGR244C,YGR254W,YGR256W,YHR137W,YIL125W,YIL160C,YIR034C,YJL012C,YJL052W,YJR009C,YJR019C,YJR130C,YKL085W,YKL148C,YKL192C,YLL041C,YLR304C,YLR438W,YML123C,YMR145C,YMR169C,YMR303C,YNL037C,YNL117W,YNL202W,YNL274C,YNR001C,YNR033W,YOR136W,YOR374W,YPL019C,YPL111W,YPL262W	ACH1,GLK1,PGK1,DLD1,LYS20,KGD2,LYS4,PRO1,ARO10,SDH7,HSP31,FDC1,CEM1,SER3,LPD1,AGX1,BNA6,YMR31,HXK1,PYC1,ADH4,UGA1,LSC2,ENO1,GND2,ARO9,KGD1,POT1,LYS1,VTC4,TDH1,TDH2,TES1,STR2,MDH1,SDH1,ACP1,SDH2,ACO1,CAR2,PHO84,NDE1,ALD3,ADH2,IDH1,MLS1,SPS19,GOR1,CIT1,ABZ1,IDH2,ALD4,VTC3,CAR1,FUM1	NA	NA	NA	NA	NA
Process	GO:0009168	purine ribonucleoside monophosphate biosynthetic process	2819	61	NA	NA	NA	NA	NA	NA	NA	NA	NA	NA	NA	NA	NA	NA	NA	NA	NA	NA	NA	NA	260	20	2.1e-4	YBL099W,YBR039W,YCL040W,YCR012W,YDL004W,YDR298C,YDR322C-A,YDR377W,YFR053C,YGL187C,YGR254W,YJL052W,YJR009C,YJR121W,YKL016C,YML081C-A,YOL077W-A,YOR065W,YPL078C,YPL271W	ATP1,ATP3,GLK1,PGK1,ATP16,ATP5,TIM11,ATP17,HXK1,COX4,ENO1,TDH1,TDH2,ATP2,ATP7,ATP18,ATP19,CYT1,ATP4,ATP15	NA	NA	NA	NA	NA
Process	GO:0006979	response to oxidative stress	2819	91	NA	NA	NA	NA	NA	NA	NA	NA	NA	NA	NA	NA	NA	NA	NA	NA	NA	NA	NA	NA	260	25	2.1e-4	YBL064C,YCL033C,YCL035C,YCR021C,YCR083W,YDR453C,YDR511W,YDR513W,YDR533C,YER174C,YFL014W,YFR014C,YGR043C,YGR088W,YGR234W,YHR008C,YJR104C,YKL086W,YKL150W,YKR066C,YLL026W,YMR173W,YNL036W,YNL259C,YOR120W	PRX1,MXR2,GRX1,HSP30,TRX3,TSA2,SDH7,GRX2,HSP31,GRX4,HSP12,CMK1,NQM1,CTT1,YHB1,SOD2,SOD1,SRX1,MCR1,CCP1,HSP104,DDR48,NCE103,ATX1,GCY1	NA	NA	NA	NA	NA
Process	GO:0009156	ribonucleoside monophosphate biosynthetic process	2819	78	NA	NA	NA	NA	NA	NA	NA	NA	NA	NA	NA	NA	NA	NA	NA	NA	NA	NA	NA	NA	260	22	5e-4	YBL099W,YBR039W,YCL040W,YCR012W,YDL004W,YDR298C,YDR322C-A,YDR377W,YEL021W,YFR053C,YGL187C,YGR205W,YGR254W,YJL052W,YJR009C,YJR121W,YKL016C,YML081C-A,YOL077W-A,YOR065W,YPL078C,YPL271W	ATP1,ATP3,GLK1,PGK1,ATP16,ATP5,TIM11,ATP17,URA3,HXK1,COX4,TDA10,ENO1,TDH1,TDH2,ATP2,ATP7,ATP18,ATP19,CYT1,ATP4,ATP15	NA	NA	NA	NA	NA
Process	GO:0032787	monocarboxylic acid metabolic process	2819	104	NA	NA	NA	NA	NA	NA	NA	NA	NA	NA	NA	NA	NA	NA	NA	NA	NA	NA	NA	NA	260	26	5.2e-4	YBL015W,YCL040W,YCR012W,YDL174C,YDR380W,YDR533C,YDR539W,YER061C,YFL018C,YFR053C,YGL062W,YGR019W,YGR254W,YGR256W,YIL160C,YJL052W,YJR009C,YJR019C,YKL192C,YMR145C,YMR169C,YNL117W,YNL202W,YNL274C,YNR033W,YOR374W	ACH1,GLK1,PGK1,DLD1,ARO10,HSP31,FDC1,CEM1,LPD1,HXK1,PYC1,UGA1,ENO1,GND2,POT1,TDH1,TDH2,TES1,ACP1,NDE1,ALD3,MLS1,SPS19,GOR1,ABZ1,ALD4	NA	NA	NA	NA	NA
Process	GO:0034599	cellular response to oxidative stress	2819	85	NA	NA	NA	NA	NA	NA	NA	NA	NA	NA	NA	NA	NA	NA	NA	NA	NA	NA	NA	NA	260	23	5.5e-4	YBL064C,YCL033C,YCL035C,YCR021C,YCR083W,YDR453C,YDR513W,YDR533C,YER174C,YFL014W,YFR014C,YGR043C,YGR234W,YHR008C,YJR104C,YKL086W,YKL150W,YKR066C,YLL026W,YMR173W,YNL036W,YNL259C,YOR120W	PRX1,MXR2,GRX1,HSP30,TRX3,TSA2,GRX2,HSP31,GRX4,HSP12,CMK1,NQM1,YHB1,SOD2,SOD1,SRX1,MCR1,CCP1,HSP104,DDR48,NCE103,ATX1,GCY1	NA	NA	NA	NA	NA
Process	GO:0009152	purine ribonucleotide biosynthetic process	2819	73	NA	NA	NA	NA	NA	NA	NA	NA	NA	NA	NA	NA	NA	NA	NA	NA	NA	NA	NA	NA	260	21	5.8e-4	YBL099W,YBR039W,YCL040W,YCR012W,YDL004W,YDR298C,YDR322C-A,YDR377W,YFR053C,YGL187C,YGR254W,YJL052W,YJR009C,YJR121W,YKL016C,YKL067W,YML081C-A,YOL077W-A,YOR065W,YPL078C,YPL271W	ATP1,ATP3,GLK1,PGK1,ATP16,ATP5,TIM11,ATP17,HXK1,COX4,ENO1,TDH1,TDH2,ATP2,ATP7,YNK1,ATP18,ATP19,CYT1,ATP4,ATP15	NA	NA	NA	NA	NA
Process	GO:0009260	ribonucleotide biosynthetic process	2819	87	NA	NA	NA	NA	NA	NA	NA	NA	NA	NA	NA	NA	NA	NA	NA	NA	NA	NA	NA	NA	260	23	7.3e-4	YBL099W,YBR039W,YCL040W,YCR012W,YDL004W,YDR298C,YDR322C-A,YDR377W,YEL021W,YFR053C,YGL187C,YGR205W,YGR254W,YJL052W,YJR009C,YJR121W,YKL016C,YKL067W,YML081C-A,YOL077W-A,YOR065W,YPL078C,YPL271W	ATP1,ATP3,GLK1,PGK1,ATP16,ATP5,TIM11,ATP17,URA3,HXK1,COX4,TDA10,ENO1,TDH1,TDH2,ATP2,ATP7,YNK1,ATP18,ATP19,CYT1,ATP4,ATP15	NA	NA	NA	NA	NA
Process	GO:0005975	carbohydrate metabolic process	2819	150	NA	NA	NA	NA	NA	NA	NA	NA	NA	NA	NA	NA	NA	NA	NA	NA	NA	NA	NA	NA	260	31	0.0018	YCL040W,YCR012W,YDR001C,YER062C,YFR053C,YGL062W,YGL156W,YGR032W,YGR043C,YGR254W,YGR256W,YHL025W,YHR043C,YIL155C,YJL052W,YJL153C,YJR009C,YKL085W,YKL192C,YLL026W,YLR410W,YML100W,YMR105C,YMR145C,YMR261C,YNL117W,YNR067C,YOR120W,YOR299W,YPR160W,YPR184W	GLK1,PGK1,NTH1,GPP2,HXK1,PYC1,AMS1,GSC2,NQM1,ENO1,GND2,SNF6,DOG2,GUT2,TDH1,INO1,TDH2,MDH1,ACP1,HSP104,VIP1,TSL1,PGM2,NDE1,TPS3,MLS1,DSE4,GCY1,BUD7,GPH1,GDB1	NA	NA	NA	NA	NA
Process	GO:0006123	mitochondrial electron transport, cytochrome c to oxygen	2819	11	NA	NA	NA	NA	NA	NA	NA	NA	NA	NA	NA	NA	NA	NA	NA	NA	NA	NA	NA	NA	260	8	0.0019	Q0045,Q0250,YGL187C,YGL191W,YHR051W,YJR048W,YLR395C,YNL052W	COX1,COX2,COX4,COX13,COX6,CYC1,COX8,COX5A	NA	NA	NA	NA	NA
Process	GO:0044282	small molecule catabolic process	2819	88	NA	NA	NA	NA	NA	NA	NA	NA	NA	NA	NA	NA	NA	NA	NA	NA	NA	NA	NA	NA	260	22	0.002	YDL174C,YDR148C,YDR380W,YDR533C,YDR539W,YFL018C,YFR047C,YGL256W,YGR019W,YHR137W,YIL155C,YIL160C,YJR019C,YLR438W,YMR105C,YMR303C,YNL202W,YNL274C,YOL055C,YOR120W,YPL111W,YPR127W	DLD1,KGD2,ARO10,HSP31,FDC1,LPD1,BNA6,ADH4,UGA1,ARO9,GUT2,POT1,TES1,CAR2,PGM2,ADH2,SPS19,GOR1,THI20,GCY1,CAR1,YPR127W	NA	NA	NA	NA	NA
Process	GO:0016310	phosphorylation	2819	166	NA	NA	NA	NA	NA	NA	NA	NA	NA	NA	NA	NA	NA	NA	NA	NA	NA	NA	NA	NA	260	32	0.0041	Q0045,Q0250,YBL045C,YCL040W,YCR012W,YDR300C,YDR529C,YEL024W,YFR014C,YFR033C,YFR053C,YGL187C,YGL191W,YGR205W,YGR254W,YHR051W,YJL012C,YJL052W,YJR009C,YJR048W,YKL067W,YKL148C,YLR038C,YLR395C,YLR410W,YML120C,YNL052W,YOL055C,YOR065W,YOR119C,YPL214C,YPR191W	COX1,COX2,COR1,GLK1,PGK1,PRO1,QCR7,RIP1,CMK1,QCR6,HXK1,COX4,COX13,TDA10,ENO1,COX6,VTC4,TDH1,TDH2,CYC1,YNK1,SDH1,COX12,COX8,VIP1,NDI1,COX5A,THI20,CYT1,RIO1,THI6,QCR2	NA	NA	NA	NA	NA
Process	GO:0006066	alcohol metabolic process	2819	62	NA	NA	NA	NA	NA	NA	NA	NA	NA	NA	NA	NA	NA	NA	NA	NA	NA	NA	NA	NA	260	17	0.005	YAL060W,YDR380W,YER062C,YGL001C,YGL256W,YIL155C,YJL153C,YKL150W,YLR410W,YML075C,YMR145C,YMR303C,YNL037C,YNR019W,YOR120W,YOR136W,YOR374W	BDH1,ARO10,GPP2,ERG26,ADH4,GUT2,INO1,MCR1,VIP1,HMG1,NDE1,ADH2,IDH1,ARE2,GCY1,IDH2,ALD4	NA	NA	NA	NA	NA
Process	GO:0046395	carboxylic acid catabolic process	2819	56	NA	NA	NA	NA	NA	NA	NA	NA	NA	NA	NA	NA	NA	NA	NA	NA	NA	NA	NA	NA	260	16	0.0051	YDL174C,YDR148C,YDR380W,YDR539W,YFL018C,YFR047C,YGL256W,YGR019W,YHR137W,YIL160C,YJR019C,YLR438W,YMR303C,YNL202W,YNL274C,YPL111W	DLD1,KGD2,ARO10,FDC1,LPD1,BNA6,ADH4,UGA1,ARO9,POT1,TES1,CAR2,ADH2,SPS19,GOR1,CAR1	NA	NA	NA	NA	NA
Process	GO:0016052	carbohydrate catabolic process	2819	51	NA	NA	NA	NA	NA	NA	NA	NA	NA	NA	NA	NA	NA	NA	NA	NA	NA	NA	NA	NA	260	15	0.0061	YCL040W,YCR012W,YDR001C,YFR053C,YGL156W,YGR254W,YHL025W,YIL155C,YJL052W,YJR009C,YMR105C,YNR067C,YOR120W,YPR160W,YPR184W	GLK1,PGK1,NTH1,HXK1,AMS1,ENO1,SNF6,GUT2,TDH1,TDH2,PGM2,DSE4,GCY1,GPH1,GDB1	NA	NA	NA	NA	NA
Process	GO:0042737	drug catabolic process	2819	24	NA	NA	NA	NA	NA	NA	NA	NA	NA	NA	NA	NA	NA	NA	NA	NA	NA	NA	NA	NA	260	10	0.0071	YDR148C,YDR380W,YFL018C,YFR047C,YGR088W,YGR234W,YIR029W,YKR066C,YOL055C,YPR127W	KGD2,ARO10,LPD1,BNA6,CTT1,YHB1,DAL2,CCP1,THI20,YPR127W	NA	NA	NA	NA	NA
Process	GO:0090407	organophosphate biosynthetic process	2819	181	NA	NA	NA	NA	NA	NA	NA	NA	NA	NA	NA	NA	NA	NA	NA	NA	NA	NA	NA	NA	260	33	0.0074	YBL099W,YBR039W,YCL040W,YCR012W,YDL004W,YDR182W,YDR298C,YDR322C-A,YDR377W,YEL021W,YFR047C,YFR053C,YGL187C,YGR205W,YGR254W,YJL052W,YJL153C,YJR009C,YJR121W,YKL016C,YKL067W,YKL192C,YKR067W,YLR410W,YML075C,YML081C-A,YNL169C,YOL055C,YOL077W-A,YOR065W,YPL078C,YPL214C,YPL271W	ATP1,ATP3,GLK1,PGK1,ATP16,CDC1,ATP5,TIM11,ATP17,URA3,BNA6,HXK1,COX4,TDA10,ENO1,TDH1,INO1,TDH2,ATP2,ATP7,YNK1,ACP1,GPT2,VIP1,HMG1,ATP18,PSD1,THI20,ATP19,CYT1,ATP4,THI6,ATP15	NA	NA	NA	NA	NA
Process	GO:0044262	cellular carbohydrate metabolic process	2819	92	NA	NA	NA	NA	NA	NA	NA	NA	NA	NA	NA	NA	NA	NA	NA	NA	NA	NA	NA	NA	260	21	0.0077	YCL040W,YDR001C,YER062C,YFR053C,YGL156W,YGR032W,YGR256W,YHL025W,YIL155C,YJL153C,YLL026W,YLR410W,YML100W,YMR105C,YMR261C,YNL117W,YNR067C,YOR120W,YOR299W,YPR160W,YPR184W	GLK1,NTH1,GPP2,HXK1,AMS1,GSC2,GND2,SNF6,GUT2,INO1,HSP104,VIP1,TSL1,PGM2,TPS3,MLS1,DSE4,GCY1,BUD7,GPH1,GDB1	NA	NA	NA	NA	NA
Process	GO:0006122	mitochondrial electron transport, ubiquinol to cytochrome c	2819	11	NA	NA	NA	NA	NA	NA	NA	NA	NA	NA	NA	NA	NA	NA	NA	NA	NA	NA	NA	NA	260	7	0.0083	YBL045C,YDR529C,YEL024W,YFR033C,YJR048W,YOR065W,YPR191W	COR1,QCR7,RIP1,QCR6,CYC1,CYT1,QCR2	NA	NA	NA	NA	NA
Process	GO:0009165	nucleotide biosynthetic process	2819	125	NA	NA	NA	NA	NA	NA	NA	NA	NA	NA	NA	NA	NA	NA	NA	NA	NA	NA	NA	NA	260	25	0.012	YBL099W,YBR039W,YCL040W,YCR012W,YDL004W,YDR298C,YDR322C-A,YDR377W,YEL021W,YFR047C,YFR053C,YGL187C,YGR205W,YGR254W,YJL052W,YJR009C,YJR121W,YKL016C,YKL067W,YKR067W,YML081C-A,YOL077W-A,YOR065W,YPL078C,YPL271W	ATP1,ATP3,GLK1,PGK1,ATP16,ATP5,TIM11,ATP17,URA3,BNA6,HXK1,COX4,TDA10,ENO1,TDH1,TDH2,ATP2,ATP7,YNK1,GPT2,ATP18,ATP19,CYT1,ATP4,ATP15	NA	NA	NA	NA	NA
Process	GO:1901615	organic hydroxy compound metabolic process	2819	89	NA	NA	NA	NA	NA	NA	NA	NA	NA	NA	NA	NA	NA	NA	NA	NA	NA	NA	NA	NA	260	20	0.0122	YAL060W,YDL174C,YDR380W,YDR533C,YDR539W,YER062C,YGL001C,YGL256W,YIL155C,YJL153C,YKL150W,YLR410W,YML075C,YMR145C,YMR303C,YNL037C,YNR019W,YOR120W,YOR136W,YOR374W	BDH1,DLD1,ARO10,HSP31,FDC1,GPP2,ERG26,ADH4,GUT2,INO1,MCR1,VIP1,HMG1,NDE1,ADH2,IDH1,ARE2,GCY1,IDH2,ALD4	NA	NA	NA	NA	NA
Process	GO:0019318	hexose metabolic process	2819	32	NA	NA	NA	NA	NA	NA	NA	NA	NA	NA	NA	NA	NA	NA	NA	NA	NA	NA	NA	NA	260	11	0.0127	YCL040W,YCR012W,YFR053C,YGL062W,YGL156W,YGR254W,YHR043C,YJL052W,YJR009C,YMR105C,YMR145C	GLK1,PGK1,HXK1,PYC1,AMS1,ENO1,DOG2,TDH1,TDH2,PGM2,NDE1	NA	NA	NA	NA	NA
Process	GO:0009311	oligosaccharide metabolic process	2819	17	NA	NA	NA	NA	NA	NA	NA	NA	NA	NA	NA	NA	NA	NA	NA	NA	NA	NA	NA	NA	260	8	0.0139	YDR001C,YGL156W,YHL025W,YKL192C,YLL026W,YML100W,YMR105C,YMR261C	NTH1,AMS1,SNF6,ACP1,HSP104,TSL1,PGM2,TPS3	NA	NA	NA	NA	NA
Process	GO:0005996	monosaccharide metabolic process	2819	39	NA	NA	NA	NA	NA	NA	NA	NA	NA	NA	NA	NA	NA	NA	NA	NA	NA	NA	NA	NA	260	12	0.0158	YCL040W,YCR012W,YFR053C,YGL062W,YGL156W,YGR254W,YHR043C,YJL052W,YJR009C,YMR105C,YMR145C,YOR120W	GLK1,PGK1,HXK1,PYC1,AMS1,ENO1,DOG2,TDH1,TDH2,PGM2,NDE1,GCY1	NA	NA	NA	NA	NA
Process	GO:0072593	reactive oxygen species metabolic process	2819	13	NA	NA	NA	NA	NA	NA	NA	NA	NA	NA	NA	NA	NA	NA	NA	NA	NA	NA	NA	NA	260	7	0.0161	YFL018C,YGR088W,YGR234W,YHR008C,YJR009C,YJR104C,YKR066C	LPD1,CTT1,YHB1,SOD2,TDH2,SOD1,CCP1	NA	NA	NA	NA	NA
Process	GO:0051186	cofactor metabolic process	2819	192	NA	NA	NA	NA	NA	NA	NA	NA	NA	NA	NA	NA	NA	NA	NA	NA	NA	NA	NA	NA	260	33	0.0166	YBL015W,YBR117C,YCL040W,YCR012W,YDR148C,YDR513W,YFL018C,YFR047C,YFR049W,YFR053C,YGR043C,YGR088W,YGR244C,YGR254W,YGR256W,YIL125W,YIL155C,YJL052W,YJR009C,YJR019C,YKL192C,YKR066C,YML075C,YML120C,YMR056C,YMR145C,YMR169C,YMR303C,YNR001C,YNR033W,YOL055C,YOR374W,YPL214C	ACH1,TKL2,GLK1,PGK1,KGD2,GRX2,LPD1,BNA6,YMR31,HXK1,NQM1,CTT1,LSC2,ENO1,GND2,KGD1,GUT2,TDH1,TDH2,TES1,ACP1,CCP1,HMG1,NDI1,AAC1,NDE1,ALD3,ADH2,CIT1,ABZ1,THI20,ALD4,THI6	NA	NA	NA	NA	NA
Process	GO:0006006	glucose metabolic process	2819	28	NA	NA	NA	NA	NA	NA	NA	NA	NA	NA	NA	NA	NA	NA	NA	NA	NA	NA	NA	NA	260	10	0.0166	YCL040W,YCR012W,YFR053C,YGL062W,YGR254W,YHR043C,YJL052W,YJR009C,YMR105C,YMR145C	GLK1,PGK1,HXK1,PYC1,ENO1,DOG2,TDH1,TDH2,PGM2,NDE1	NA	NA	NA	NA	NA
Process	GO:0006732	coenzyme metabolic process	2819	139	NA	NA	NA	NA	NA	NA	NA	NA	NA	NA	NA	NA	NA	NA	NA	NA	NA	NA	NA	NA	260	26	0.0203	YBL015W,YBR117C,YCL040W,YCR012W,YDR148C,YFR047C,YFR053C,YGR043C,YGR244C,YGR254W,YGR256W,YIL155C,YJL052W,YJR009C,YJR019C,YKL192C,YML075C,YML120C,YMR145C,YMR169C,YMR303C,YNR001C,YNR033W,YOL055C,YOR374W,YPL214C	ACH1,TKL2,GLK1,PGK1,KGD2,BNA6,HXK1,NQM1,LSC2,ENO1,GND2,GUT2,TDH1,TDH2,TES1,ACP1,HMG1,NDI1,NDE1,ALD3,ADH2,CIT1,ABZ1,THI20,ALD4,THI6	NA	NA	NA	NA	NA
Process	GO:0006090	pyruvate metabolic process	2819	35	NA	NA	NA	NA	NA	NA	NA	NA	NA	NA	NA	NA	NA	NA	NA	NA	NA	NA	NA	NA	260	11	0.0213	YCL040W,YCR012W,YDR380W,YFL018C,YFR053C,YGL062W,YGR254W,YJL052W,YJR009C,YMR145C,YOR374W	GLK1,PGK1,ARO10,LPD1,HXK1,PYC1,ENO1,TDH1,TDH2,NDE1,ALD4	NA	NA	NA	NA	NA
Process	GO:0098869	cellular oxidant detoxification	2819	30	NA	NA	NA	NA	NA	NA	NA	NA	NA	NA	NA	NA	NA	NA	NA	NA	NA	NA	NA	NA	260	10	0.0244	YBL064C,YCL035C,YCR083W,YDR453C,YDR513W,YGR088W,YHR008C,YJR104C,YKL086W,YKR066C	PRX1,GRX1,TRX3,TSA2,GRX2,CTT1,SOD2,SOD1,SRX1,CCP1	NA	NA	NA	NA	NA
Process	GO:0097237	cellular response to toxic substance	2819	42	NA	NA	NA	NA	NA	NA	NA	NA	NA	NA	NA	NA	NA	NA	NA	NA	NA	NA	NA	NA	260	12	0.0249	YBL064C,YCL035C,YCR021C,YCR083W,YDR216W,YDR453C,YDR513W,YGR088W,YHR008C,YJR104C,YKL086W,YKR066C	PRX1,GRX1,HSP30,TRX3,ADR1,TSA2,GRX2,CTT1,SOD2,SOD1,SRX1,CCP1	NA	NA	NA	NA	NA
Process	GO:0009636	response to toxic substance	2819	49	NA	NA	NA	NA	NA	NA	NA	NA	NA	NA	NA	NA	NA	NA	NA	NA	NA	NA	NA	NA	260	13	0.0277	YBL064C,YCL035C,YCR021C,YCR083W,YDR216W,YDR453C,YDR513W,YGR088W,YGR234W,YHR008C,YJR104C,YKL086W,YKR066C	PRX1,GRX1,HSP30,TRX3,ADR1,TSA2,GRX2,CTT1,YHB1,SOD2,SOD1,SRX1,CCP1	NA	NA	NA	NA	NA
Process	GO:0016051	carbohydrate biosynthetic process	2819	56	NA	NA	NA	NA	NA	NA	NA	NA	NA	NA	NA	NA	NA	NA	NA	NA	NA	NA	NA	NA	260	14	0.0296	YCR012W,YER062C,YGL062W,YGR032W,YGR254W,YJL052W,YJL153C,YJR009C,YKL192C,YML100W,YMR105C,YMR261C,YOR299W,YPR184W	PGK1,GPP2,PYC1,GSC2,ENO1,TDH1,INO1,TDH2,ACP1,TSL1,PGM2,TPS3,BUD7,GDB1	NA	NA	NA	NA	NA
Process	GO:0072524	pyridine-containing compound metabolic process	2819	70	NA	NA	NA	NA	NA	NA	NA	NA	NA	NA	NA	NA	NA	NA	NA	NA	NA	NA	NA	NA	260	16	0.0313	YBR117C,YCL040W,YCR012W,YFR047C,YFR053C,YGR043C,YGR254W,YGR256W,YIL155C,YJL052W,YJR009C,YML120C,YMR145C,YMR303C,YOR374W,YPR127W	TKL2,GLK1,PGK1,BNA6,HXK1,NQM1,ENO1,GND2,GUT2,TDH1,TDH2,NDI1,NDE1,ADH2,ALD4,YPR127W	NA	NA	NA	NA	NA
Process	GO:0046496	nicotinamide nucleotide metabolic process	2819	64	NA	NA	NA	NA	NA	NA	NA	NA	NA	NA	NA	NA	NA	NA	NA	NA	NA	NA	NA	NA	260	15	0.0347	YBR117C,YCL040W,YCR012W,YFR047C,YFR053C,YGR043C,YGR254W,YGR256W,YIL155C,YJL052W,YJR009C,YML120C,YMR145C,YMR303C,YOR374W	TKL2,GLK1,PGK1,BNA6,HXK1,NQM1,ENO1,GND2,GUT2,TDH1,TDH2,NDI1,NDE1,ADH2,ALD4	NA	NA	NA	NA	NA
Process	GO:0033108	mitochondrial respiratory chain complex assembly	2819	22	NA	NA	NA	NA	NA	NA	NA	NA	NA	NA	NA	NA	NA	NA	NA	NA	NA	NA	NA	NA	260	8	0.0432	YBR269C,YDR511W,YDR529C,YFL046W,YLL009C,YLR038C,YMR244C-A,YPL215W	SDH8,SDH7,QCR7,FMP32,COX17,COX12,COA6,CBP3	NA	NA	NA	NA	NA
Process	GO:0000041	transition metal ion transport	2819	22	NA	NA	NA	NA	NA	NA	NA	NA	NA	NA	NA	NA	NA	NA	NA	NA	NA	NA	NA	NA	260	8	0.0432	YBL030C,YER053C,YGL255W,YIL121W,YLL009C,YML123C,YMR056C,YNL259C	PET9,PIC2,ZRT1,QDR2,COX17,PHO84,AAC1,ATX1	NA	NA	NA	NA	NA
Component	GO:0005634	nucleus	2819	1245	NA	NA	NA	NA	NA	NA	NA	NA	NA	NA	NA	NA	NA	NA	NA	NA	NA	NA	NA	NA	NA	NA	NA	NA	NA	233	137	0.0045	YAL025C,YAL034W-A,YAR002W,YBL016W,YBL026W,YBL046W,YBR031W,YBR057C,YBR103W,YBR111W-A,YBR154C,YBR205W,YBR215W,YBR231C,YCL029C,YCL039W,YCL059C,YCR059C,YDL005C,YDL084W,YDL098C,YDL101C,YDL141W,YDL147W,YDL201W,YDL209C,YDL213C,YDR083W,YDR165W,YDR192C,YDR235W,YDR372C,YDR392W,YDR404C,YDR427W,YDR452W,YDR531W,YEL015W,YEL032W,YER036C,YER070W,YER088C,YER164W,YFR001W,YFR003C,YFR028C,YFR037C,YGL070C,YGL101W,YGL111W,YGL141W,YGL172W,YGL213C,YGR002C,YGR010W,YGR081C,YGR208W,YGR267C,YHR049W,YHR060W,YHR085W,YHR088W,YHR097C,YHR099W,YHR127W,YIL038C,YIL063C,YJR055W,YJR057W,YJR068W,YJR132W,YKL021C,YKL032C,YKL038W,YKL054C,YKL110C,YKL114C,YKL143W,YKL206C,YKR081C,YKR092C,YLR074C,YLR119W,YLR186W,YLR256W-A,YLR321C,YLR373C,YLR418C,YLR420W,YLR435W,YML058W,YML074C,YML106W,YML108W,YMR097C,YMR220W,YMR235C,YMR290C,YNL006W,YNL068C,YNL110C,YNL112W,YNL124W,YNL141W,YNL175C,YNL182C,YNL246W,YNL251C,YNL290W,YNL309W,YNR053C,YOL041C,YOL057W,YOL077C,YOL090W,YOL108C,YOL125W,YOL143C,YOR004W,YOR078W,YOR095C,YOR145C,YOR204W,YOR346W,YPL037C,YPL055C,YPL129W,YPL146C,YPL208W,YPL212C,YPL226W,YPR060C,YPR069C,YPR072W,YPR108W,YPR162C,YPR182W	MAK16,MTW1,NUP60,FUS3,LSM2,PSY4,RPL4A,MUM2,SIF2,SUS1,RPB5,KTR3,HPC2,SWC5,BIK1,GID7,KRR1,YIH1,MED2,SUB2,SNU23,DUN1,BPL1,RPN5,TRM8,CWC2,NOP6,RRP8,TRM82,NUP42,PRP42,VPS74,SPT3,RPB7,RPN9,PPN1,CAB1,EDC3,MCM3,ARB1,RNR1,DOT6,CHD1,LOC1,YPI1,CDC14,RSC8,RPB9,YGL101W,NSA1,HUL5,NUP49,SKI8,SWC4,NMA2,SLX9,SER2,FOL2,FSH1,VMA22,IPI1,RPF1,YHR097C,TRA1,YHR127W,NOT3,YRB2,HIT1,CDC8,RFC2,NMD5,MAK11,IXR1,RGT1,DEF1,KTI12,APN1,LTV1,ADD66,RPF2,SRP40,BUD20,SRN2,EMG1,YLR256W-A,SFH1,VID22,CDC73,URA4,TSR2,SML1,FPR3,URA5,YML108W,MTG1,ERG8,RNA1,HAS1,LST8,FKH2,NOP15,DBP2,NAF1,AAH1,NOP13,IPI3,VPS75,NRD1,RFC3,STB1,NOG2,NOP12,YOL057W,BRX1,MSH2,INO4,TRM13,RIB4,UTP23,BUD21,RKI1,PNO1,DED1,REV1,EGD1,LGE1,TAF14,NOP53,RKM1,PUS1,NEW1,ARO7,SPE3,NOT5,RPN7,ORC4,SMX3
