guide	set	matches	U6
AGATCCAAACAGCTAAGAACAGG	Can1Ade2	2	FALSE
AAGCTAACACCATTGAATTTTGG	Can1Ade2	2	TRUE
ACAACTTTTTTGATGGCTCTTGG	Can1Ade2	1	TRUE
GGCTCTTGGAACGGATTTTCTGG	Can1Ade2	1	TRUE
GCTCTTGGAACGGATTTTCTGGG	Can1Ade2	1	TRUE
TTCAGTACCTTGAAATGTGAAGG	Can1Ade2	2	FALSE
ATTCACCGTAATATTTGACAGGG	Can1Ade2	2	FALSE
AAACCAATACATGTAACCATTGG	Can1Ade2	2	FALSE
CCATTGGCCGCACCAAATGCTGG	Can1Ade2	2	FALSE
TTACTTTTCTCATCTTTCAATGG	Can1Ade2	1	TRUE
AGACTTTTTGGGACAAATTTTGG	Can1Ade2	1	TRUE
TCATGAACCAAAGACTTTTTGGG	Can1Ade2	1	TRUE
TATTCAGATGCAGATTTATTTGG	Can1Ade2	2	FALSE
TTTTCCTGTTCTTAGCTGTTTGG	Can1Ade2	1	TRUE
GCTTTTGCACCAAAATTCAATGG	Can1Ade2	1	TRUE
GCCCGGCTTGGCTTATTATGCGG	Can1Ade2	2	FALSE
GTGTTGCAGGCTTTTTTGCATGG	Can1Ade2	1	TRUE
GTGGTGACAAAGTTTTCGAATGG	Can1Ade2	2	TRUE
GTTTTCGTTACTGCTGCATTTGG	Can1Ade2	1	TRUE
GTTGGTTCCCGTATTTTATTTGG	Can1Ade2	1	TRUE
ATTACGGTGAATTCGAGTTCTGG	Can1Ade2	2	FALSE
CGGCATGGATTAGTATTTTTTGG	Can1Ade2	1	TRUE
TTGGCCAAGTCATTCAATTTTGG	Can1Ade2	1	TRUE
TTGGGCAATCACTTTTGCCCTGG	Can1Ade2	1	TRUE
TTACATGTATTGGTTTTCTTGGG	Can1Ade2	1	TRUE
GTTACATGTATTGGTTTTCTTGG	Can1Ade2	1	TRUE
CTTATATCATATTTATTTATGGG	Can1Ade2	2	FALSE
ATTGGTACAGGTCTTTTCATTGG	Can1Ade2	1	TRUE