guide,Aligned_Sequence,Reference_Sequence,Unedited,n_deleted,n_inserted,n_mutated,#Reads,%Reads
pLK78,AAATGGCGAGGATACGTTCTCTATGGAGGATGGCATAGGT,AAATGGCGAGGATACGTTCTCTATGGAGGATGGCATAGGT,TRUE,0,0,0,65581,45.315469074972675
pLK78,AAATGGCGAGGATATGTTCTCTATGGAGGATGGCATAGGT,AAATGGCGAGGATACGTTCTCTATGGAGGATGGCATAGGT,FALSE,0,0,1,59832,41.34299790631007
pLK78,AAATGGCGAGGATATGTTTTCTATGGAGGATGGCATAGGT,AAATGGCGAGGATACGTTCTCTATGGAGGATGGCATAGGT,FALSE,0,0,2,3525,2.435721146205439
pLK78,AAATGGCGAGGATATGTTCTTTATGGAGGATGGCATAGGT,AAATGGCGAGGATACGTTCTCTATGGAGGATGGCATAGGT,FALSE,0,0,2,2830,1.9554867641876297
pLK78,AAATGGCGAGGATACGTTCTTTATGGAGGATGGCATAGGT,AAATGGCGAGGATACGTTCTCTATGGAGGATGGCATAGGT,FALSE,0,0,1,2586,1.7868864919396505
pLK78,AAATGGCGAGGATACGTTTTCTATGGAGGATGGCATAGGT,AAATGGCGAGGATACGTTCTCTATGGAGGATGGCATAGGT,FALSE,0,0,1,2109,1.4572867793892956
pOS08,GGTGCGGCCAATGGTTACATGTATTAGTTTTCTTGGGCAA,GGTGCGGCCAATGGTTACATGTATTGGTTTTCTTGGGCAA,FALSE,0,0,1,15649,67.64502463905497
pOS08,GGTGCGGCCAATGGTTACATGTATTAATTTTCTTGGGCAA,GGTGCGGCCAATGGTTACATGTATTGGTTTTCTTGGGCAA,FALSE,0,0,2,2615,11.303708826835228
pOS08,GGTGCGGCCAATGGTTACATGTATTGGTTTTCTTGGGCAA,GGTGCGGCCAATGGTTACATGTATTGGTTTTCTTGGGCAA,TRUE,0,0,0,2536,10.96222010893082
pOS08,GGTGCGGCCAATGGTTACATATATTAGTTTTCTTGGGCAA,GGTGCGGCCAATGGTTACATGTATTGGTTTTCTTGGGCAA,FALSE,0,0,2,355,1.5345379095703262
pOS08,GGTGCGGCCAATGGTTACATATATTGGTTTTCTTGGGCAA,GGTGCGGCCAATGGTTACATGTATTGGTTTTCTTGGGCAA,FALSE,0,0,1,254,1.0979510676925712
pOS09,TAGTTGGCCAAGTCATTCAATTTTAAACGTACAAAGTTCC,TAGTTGGCCAAGTCATTCAATTTTGGACGTACAAAGTTCC,FALSE,0,0,2,49073,61.69445073042487
pOS09,TAGTTGGCCAAGTCATTCAATTTTGGACGTACAAAGTTCC,TAGTTGGCCAAGTCATTCAATTTTGGACGTACAAAGTTCC,TRUE,0,0,0,23932,30.087249503411627
pOS09,TAGTTTGCCAAGTCATTCAATTTTAAACGTACAAAGTTCC,TAGTTGGCCAAGTCATTCAATTTTGGACGTACAAAGTTCC,FALSE,0,0,3,1564,1.966256820296165
pOS09,TAGTTGGCCAAGTCATTCAATTTTGAACGTACAAAGTTCC,TAGTTGGCCAAGTCATTCAATTTTGGACGTACAAAGTTCC,FALSE,0,0,1,1403,1.7638480299715744
pOS10,TACCGGCCCAGTTGGATTCCGTTATTGGAGAAACCCAGGT,TACCGGCCCAGTTGGATTCCGTTATTGGAGAAACCCAGGT,TRUE,0,0,0,111144,63.164714507354375
pOS10,TACCGGCCCAGTTGGATTCCGTTATTGAAGAAACCCAGGT,TACCGGCCCAGTTGGATTCCGTTATTGGAGAAACCCAGGT,FALSE,0,0,1,23176,13.171250120767226
pOS10,TACCGGCCCAGTTGGATTCCGTTATTAAAGAAACCCAGGT,TACCGGCCCAGTTGGATTCCGTTATTGGAGAAACCCAGGT,FALSE,0,0,2,19429,11.041776777545177
pOS10,TACCGGCCCAGTTGAATTCCGTTATTGGAGAAACCCAGGT,TACCGGCCCAGTTGGATTCCGTTATTGGAGAAACCCAGGT,FALSE,0,0,1,3309,1.880551719434659
pOS10,TACCGGCCCAGTTGGATTCCATTATTGGAGAAACCCAGGT,TACCGGCCCAGTTGGATTCCGTTATTGGAGAAACCCAGGT,FALSE,0,0,1,2737,1.5554759915662328
pOS10,TACCGGCCCAGTTGGATTCCGTTATTGGAAAAACCCAGGT,TACCGGCCCAGTTGGATTCCGTTATTGGAGAAACCCAGGT,FALSE,0,0,1,2284,1.298029654635467
pOS11,CTATTGACCAAACTGTCAGAGTTCTGGTTCAAGTTCCTGT,CTATTGACCAAACTGTCAGAGTTCTGGTTCAAGTTCCTGT,TRUE,0,0,0,180337,53.294540425206705
pOS11,CTATTGACCAAACTGTCAGAGTTCTAGTTCAAGTTCCTGT,CTATTGACCAAACTGTCAGAGTTCTGGTTCAAGTTCCTGT,FALSE,0,0,1,91557,27.057610128319038
pOS11,CTATTGACCAAACTGTCAAAGTTCTGGTTCAAGTTCCTGT,CTATTGACCAAACTGTCAGAGTTCTGGTTCAAGTTCCTGT,FALSE,0,0,1,21692,6.410582248255165
pOS11,CTATTGACCAAACTGTCAGAGTTCTAATTCAAGTTCCTGT,CTATTGACCAAACTGTCAGAGTTCTGGTTCAAGTTCCTGT,FALSE,0,0,2,14314,4.23018044908375
pOS11,CTATTGACCAAACTGTCAAAGTTCTAGTTCAAGTTCCTGT,CTATTGACCAAACTGTCAGAGTTCTGGTTCAAGTTCCTGT,FALSE,0,0,2,11340,3.351281702711319
pOS12,AAAACATCTCTCCTGCCCAGGCCGCTGAGCTGGTGGGTGA,AAAACATCTCTCCTGCCCAGGCCGCTGAGCTGGTGGGTGA,TRUE,0,0,0,75709,38.316792096646644
pOS12,AAAACATCTCTCCTGTTCAGGCCGCTGAGCTGGTGGGTGA,AAAACATCTCTCCTGCCCAGGCCGCTGAGCTGGTGGGTGA,FALSE,0,0,2,39201,19.83986800751093
pOS12,AAAACATCTCTCCTGCTCAGGCCGCTGAGCTGGTGGGTGA,AAAACATCTCTCCTGCCCAGGCCGCTGAGCTGGTGGGTGA,FALSE,0,0,1,38895,19.684999519199454
pOS12,AAAACATCTCTCCTGTTTAGGCCGCTGAGCTGGTGGGTGA,AAAACATCTCTCCTGCCCAGGCCGCTGAGCTGGTGGGTGA,FALSE,0,0,3,11587,5.864252202827199
pOS12,AAAACATCTCTCCTGCTTAGGCCGCTGAGCTGGTGGGTGA,AAAACATCTCTCCTGCCCAGGCCGCTGAGCTGGTGGGTGA,FALSE,0,0,2,9702,4.910242070581646
pOS13,ATGGTATAGCAGTTATTCAAAGTGTTCCTGTGGAACAAGC,ATGGTATAGCAGTTACCCAAAGTGTTCCTGTGGAACAAGC,FALSE,0,0,2,52414,59.6698542805229
pOS13,ATGGTATAGCAGTTACCCAAAGTGTTCCTGTGGAACAAGC,ATGGTATAGCAGTTACCCAAAGTGTTCCTGTGGAACAAGC,TRUE,0,0,0,10761,12.25068306010867
pOS13,ATGGTATAGCAGTTATTTAAAGTGTTCCTGTGGAACAAGC,ATGGTATAGCAGTTACCCAAAGTGTTCCTGTGGAACAAGC,FALSE,0,0,3,10260,11.68032786885182
pOS13,ATGGTATAGCAGTTATTGAAAGTGTTCCTGTGGAACAAGC,ATGGTATAGCAGTTACCCAAAGTGTTCCTGTGGAACAAGC,FALSE,0,0,3,2869,3.2661657559198622
pOS13,ATGGTATAGCAGTTACTCAAAGTGTTCCTGTGGAACAAGC,ATGGTATAGCAGTTACCCAAAGTGTTCCTGTGGAACAAGC,FALSE,0,0,1,2505,2.8517759562841603
pOS13,ATGGTATAGCAGTTATGCAAAGTGTTCCTGTGGAACAAGC,ATGGTATAGCAGTTACCCAAAGTGTTCCTGTGGAACAAGC,FALSE,0,0,2,2223,2.5307377049180384
pOS14,GGATCGTCCTTTGTACGCCGAAAAATGGGCACCATTTACT,GGATCGTCCTTTGTACGCCGAAAAATGGGCACCATTTACT,TRUE,0,0,0,182241,80.73477814005764
pOS14,GGATCGTCCTTTGTACGCCAAAAAATGGGCACCATTTACT,GGATCGTCCTTTGTACGCCGAAAAATGGGCACCATTTACT,FALSE,0,0,1,8176,3.6220584065777834
pOS14,GGATCGTCCTTTGTACGCCGAAAAATAGGCACCATTTACT,GGATCGTCCTTTGTACGCCGAAAAATGGGCACCATTTACT,FALSE,0,0,1,7625,3.377959313864419
pOS14,GGATCGTCCTTTGTACGCCGAAAAATAAGCACCATTTACT,GGATCGTCCTTTGTACGCCGAAAAATGGGCACCATTTACT,FALSE,0,0,2,2645,1.1717642472355971
pOS14,GGATCGTCCTTTGTACGCCGAAAAATTGGCACCATTTACT,GGATCGTCCTTTGTACGCCGAAAAATGGGCACCATTTACT,FALSE,0,0,1,2619,1.1602459597391397
pOS14,TGATCGTCCTTTGTACGCCGAAAAATGGGCACCATTTACT,GGATCGTCCTTTGTACGCCGAAAAATGGGCACCATTTACT,FALSE,0,0,1,2425,1.0743018145732686
