guide,Aligned_Sequence,Reference_Sequence,Unedited,n_deleted,n_inserted,n_mutated,#Reads,%Reads,Classification
pLK78,AAATGGCGAGGATACGTTCTCTATGGAGGATGGCATAGGT,AAATGGCGAGGATACGTTCTCTATGGAGGATGGCATAGGT,TRUE,0,0,0,65581,45.31546907,Wildtype
pLK78,AAATGGCGAGGATATGTTCTCTATGGAGGATGGCATAGGT,AAATGGCGAGGATACGTTCTCTATGGAGGATGGCATAGGT,FALSE,0,0,1,59832,41.34299791,Full window only
pLK78,AAATGGCGAGGATATGTTTTCTATGGAGGATGGCATAGGT,AAATGGCGAGGATACGTTCTCTATGGAGGATGGCATAGGT,FALSE,0,0,2,3525,2.435721146,Full window and outside
pLK78,AAATGGCGAGGATATGTTCTTTATGGAGGATGGCATAGGT,AAATGGCGAGGATACGTTCTCTATGGAGGATGGCATAGGT,FALSE,0,0,2,2830,1.955486764,Full window and outside
pLK78,AAATGGCGAGGATACGTTCTTTATGGAGGATGGCATAGGT,AAATGGCGAGGATACGTTCTCTATGGAGGATGGCATAGGT,FALSE,0,0,1,2586,1.786886492,Outside only
pLK78,AAATGGCGAGGATACGTTTTCTATGGAGGATGGCATAGGT,AAATGGCGAGGATACGTTCTCTATGGAGGATGGCATAGGT,FALSE,0,0,1,2109,1.457286779,Outside only
pOS08,GGTGCGGCCAATGGTTACATGTATTAGTTTTCTTGGGCAA,GGTGCGGCCAATGGTTACATGTATTGGTTTTCTTGGGCAA,FALSE,0,0,1,15649,67.64502464,Partial window only
pOS08,GGTGCGGCCAATGGTTACATGTATTAATTTTCTTGGGCAA,GGTGCGGCCAATGGTTACATGTATTGGTTTTCTTGGGCAA,FALSE,0,0,2,2615,11.30370883,Full window only
pOS08,GGTGCGGCCAATGGTTACATGTATTGGTTTTCTTGGGCAA,GGTGCGGCCAATGGTTACATGTATTGGTTTTCTTGGGCAA,TRUE,0,0,0,2536,10.96222011,Wildtype
pOS08,GGTGCGGCCAATGGTTACATATATTAGTTTTCTTGGGCAA,GGTGCGGCCAATGGTTACATGTATTGGTTTTCTTGGGCAA,FALSE,0,0,2,355,1.53453791,Partial window and outside
pOS08,GGTGCGGCCAATGGTTACATATATTGGTTTTCTTGGGCAA,GGTGCGGCCAATGGTTACATGTATTGGTTTTCTTGGGCAA,FALSE,0,0,1,254,1.097951068,Outside only
pOS09,TAGTTGGCCAAGTCATTCAATTTTAAACGTACAAAGTTCC,TAGTTGGCCAAGTCATTCAATTTTGGACGTACAAAGTTCC,FALSE,0,0,2,49073,61.69445073,Full window only
pOS09,TAGTTGGCCAAGTCATTCAATTTTGGACGTACAAAGTTCC,TAGTTGGCCAAGTCATTCAATTTTGGACGTACAAAGTTCC,TRUE,0,0,0,23932,30.0872495,Wildtype
pOS09,TAGTTTGCCAAGTCATTCAATTTTAAACGTACAAAGTTCC,TAGTTGGCCAAGTCATTCAATTTTGGACGTACAAAGTTCC,FALSE,0,0,3,1564,1.96625682,Full window and outside
pOS09,TAGTTGGCCAAGTCATTCAATTTTGAACGTACAAAGTTCC,TAGTTGGCCAAGTCATTCAATTTTGGACGTACAAAGTTCC,FALSE,0,0,1,1403,1.76384803,Partial window only
pOS10,TACCGGCCCAGTTGGATTCCGTTATTGGAGAAACCCAGGT,TACCGGCCCAGTTGGATTCCGTTATTGGAGAAACCCAGGT,TRUE,0,0,0,111144,63.16471451,Wildtype
pOS10,TACCGGCCCAGTTGGATTCCGTTATTGAAGAAACCCAGGT,TACCGGCCCAGTTGGATTCCGTTATTGGAGAAACCCAGGT,FALSE,0,0,1,23176,13.17125012,Outside only
pOS10,TACCGGCCCAGTTGGATTCCGTTATTAAAGAAACCCAGGT,TACCGGCCCAGTTGGATTCCGTTATTGGAGAAACCCAGGT,FALSE,0,0,2,19429,11.04177678,Full window and outside
pOS10,TACCGGCCCAGTTGAATTCCGTTATTGGAGAAACCCAGGT,TACCGGCCCAGTTGGATTCCGTTATTGGAGAAACCCAGGT,FALSE,0,0,1,3309,1.880551719,Outside only
pOS10,TACCGGCCCAGTTGGATTCCATTATTGGAGAAACCCAGGT,TACCGGCCCAGTTGGATTCCGTTATTGGAGAAACCCAGGT,FALSE,0,0,1,2737,1.555475992,Outside only
pOS10,TACCGGCCCAGTTGGATTCCGTTATTGGAAAAACCCAGGT,TACCGGCCCAGTTGGATTCCGTTATTGGAGAAACCCAGGT,FALSE,0,0,1,2284,1.298029655,Outside only
pOS11,CTATTGACCAAACTGTCAGAGTTCTGGTTCAAGTTCCTGT,CTATTGACCAAACTGTCAGAGTTCTGGTTCAAGTTCCTGT,TRUE,0,0,0,180337,53.29454043,Wildtype
pOS11,CTATTGACCAAACTGTCAGAGTTCTAGTTCAAGTTCCTGT,CTATTGACCAAACTGTCAGAGTTCTGGTTCAAGTTCCTGT,FALSE,0,0,1,91557,27.05761013,Partial window only
pOS11,CTATTGACCAAACTGTCAAAGTTCTGGTTCAAGTTCCTGT,CTATTGACCAAACTGTCAGAGTTCTGGTTCAAGTTCCTGT,FALSE,0,0,1,21692,6.410582248,Outside only
pOS11,CTATTGACCAAACTGTCAGAGTTCTAATTCAAGTTCCTGT,CTATTGACCAAACTGTCAGAGTTCTGGTTCAAGTTCCTGT,FALSE,0,0,2,14314,4.230180449,Full window only
pOS11,CTATTGACCAAACTGTCAAAGTTCTAGTTCAAGTTCCTGT,CTATTGACCAAACTGTCAGAGTTCTGGTTCAAGTTCCTGT,FALSE,0,0,2,11340,3.351281703,Partial window and outside
pOS12,AAAACATCTCTCCTGCCCAGGCCGCTGAGCTGGTGGGTGA,AAAACATCTCTCCTGCCCAGGCCGCTGAGCTGGTGGGTGA,TRUE,0,0,0,75709,38.3167921,Wildtype
pOS12,AAAACATCTCTCCTGTTCAGGCCGCTGAGCTGGTGGGTGA,AAAACATCTCTCCTGCCCAGGCCGCTGAGCTGGTGGGTGA,FALSE,0,0,2,39201,19.83986801,Partial window only
pOS12,AAAACATCTCTCCTGCTCAGGCCGCTGAGCTGGTGGGTGA,AAAACATCTCTCCTGCCCAGGCCGCTGAGCTGGTGGGTGA,FALSE,0,0,1,38895,19.68499952,Partial window only
pOS12,AAAACATCTCTCCTGTTTAGGCCGCTGAGCTGGTGGGTGA,AAAACATCTCTCCTGCCCAGGCCGCTGAGCTGGTGGGTGA,FALSE,0,0,3,11587,5.864252203,Full window only
pOS12,AAAACATCTCTCCTGCTTAGGCCGCTGAGCTGGTGGGTGA,AAAACATCTCTCCTGCCCAGGCCGCTGAGCTGGTGGGTGA,FALSE,0,0,2,9702,4.910242071,Partial window only
pOS13,ATGGTATAGCAGTTATTCAAAGTGTTCCTGTGGAACAAGC,ATGGTATAGCAGTTACCCAAAGTGTTCCTGTGGAACAAGC,FALSE,0,0,2,52414,59.66985428,Partial window only
pOS13,ATGGTATAGCAGTTACCCAAAGTGTTCCTGTGGAACAAGC,ATGGTATAGCAGTTACCCAAAGTGTTCCTGTGGAACAAGC,TRUE,0,0,0,10761,12.25068306,Wildtype
pOS13,ATGGTATAGCAGTTATTTAAAGTGTTCCTGTGGAACAAGC,ATGGTATAGCAGTTACCCAAAGTGTTCCTGTGGAACAAGC,FALSE,0,0,3,10260,11.68032787,Full window only
pOS13,ATGGTATAGCAGTTATTGAAAGTGTTCCTGTGGAACAAGC,ATGGTATAGCAGTTACCCAAAGTGTTCCTGTGGAACAAGC,FALSE,0,0,3,2869,3.266165756,Full window only
pOS13,ATGGTATAGCAGTTACTCAAAGTGTTCCTGTGGAACAAGC,ATGGTATAGCAGTTACCCAAAGTGTTCCTGTGGAACAAGC,FALSE,0,0,1,2505,2.851775956,Partial window only
pOS13,ATGGTATAGCAGTTATGCAAAGTGTTCCTGTGGAACAAGC,ATGGTATAGCAGTTACCCAAAGTGTTCCTGTGGAACAAGC,FALSE,0,0,2,2223,2.530737705,Partial window only
pOS14,GGATCGTCCTTTGTACGCCGAAAAATGGGCACCATTTACT,GGATCGTCCTTTGTACGCCGAAAAATGGGCACCATTTACT,TRUE,0,0,0,182241,80.73477814,Wildtype
pOS14,GGATCGTCCTTTGTACGCCAAAAAATGGGCACCATTTACT,GGATCGTCCTTTGTACGCCGAAAAATGGGCACCATTTACT,FALSE,0,0,1,8176,3.622058407,Outside only
pOS14,GGATCGTCCTTTGTACGCCGAAAAATAGGCACCATTTACT,GGATCGTCCTTTGTACGCCGAAAAATGGGCACCATTTACT,FALSE,0,0,1,7625,3.377959314,Full window only
pOS14,GGATCGTCCTTTGTACGCCGAAAAATAAGCACCATTTACT,GGATCGTCCTTTGTACGCCGAAAAATGGGCACCATTTACT,FALSE,0,0,2,2645,1.171764247,Full window and outside
pOS14,GGATCGTCCTTTGTACGCCGAAAAATTGGCACCATTTACT,GGATCGTCCTTTGTACGCCGAAAAATGGGCACCATTTACT,FALSE,0,0,1,2619,1.16024596,Full window only
pOS14,TGATCGTCCTTTGTACGCCGAAAAATGGGCACCATTTACT,GGATCGTCCTTTGTACGCCGAAAAATGGGCACCATTTACT,FALSE,0,0,1,2425,1.074301815,Outside only